setting,seed,class,n,conn,flags,volume,cpu,io_mem,logs
common,0,BruteForce,300,0.4351460933685303,0.10702887177467346,0.1527499556541443,0.17331057786941528,0.07326459884643555,0.05849984660744667
common,0,C&C,300,0.46141377091407776,0.09089146554470062,0.21003594994544983,0.12323566526174545,0.07629315555095673,0.03813011571764946
common,0,Dictionary,300,0.5209497213363647,0.07891812920570374,0.1385868489742279,0.12898758053779602,0.07935775071382523,0.05319996550679207
common,0,Discovering_resources,300,0.40543660521507263,0.12909269332885742,0.1907021403312683,0.18698842823505402,0.05581057816743851,0.03196955472230911
common,0,Exfiltration,300,0.4052943289279938,0.04493805766105652,0.1511685848236084,0.12101224809885025,0.131867453455925,0.14571931958198547
common,0,Fake_notification,6,0.23953907191753387,0.1093824952840805,0.05590192973613739,0.2938581705093384,0.07250834256410599,0.22880996763706207
common,0,False_data_injection,300,0.4344584047794342,0.08524700254201889,0.19785363972187042,0.11055697500705719,0.10610543191432953,0.06577861309051514
common,0,Generic_scanning,300,0.43175873160362244,0.09304147958755493,0.1328737586736679,0.18546709418296814,0.11186248809099197,0.0449964664876461
common,0,MQTT_cloud_broker_subscription,300,0.4377085566520691,0.06398213654756546,0.1740821748971939,0.19964882731437683,0.0641811266541481,0.060397159308195114
common,0,MitM,23,0.1501534879207611,0.06877601146697998,0.33773723244667053,0.380253404378891,0.03789541497826576,0.02518438920378685
common,0,Modbus_register_reading,300,0.536593496799469,0.08543842285871506,0.14539220929145813,0.09308769553899765,0.08368878811597824,0.05579933896660805
common,0,Normal,300,0.4048212766647339,0.09456532448530197,0.18493618071079254,0.1866113692522049,0.07985889166593552,0.04920696094632149
common,0,RDOS,300,0.505452573299408,0.0700530931353569,0.1768599897623062,0.15235494077205658,0.03654741495847702,0.058732036501169205
common,0,Reverse_shell,203,0.7376342415809631,0.03977879881858826,0.07987403124570847,0.08412378281354904,0.03639604151248932,0.022193023934960365
common,0,Scanning_vulnerability,300,0.4566752016544342,0.04844014719128609,0.1943647265434265,0.1934806853532791,0.06769827008247375,0.039340950548648834
common,0,TCP Relay,300,0.5859323740005493,0.07588876038789749,0.13127245008945465,0.13660748302936554,0.04235261306166649,0.02794625610113144
common,0,crypto-ransomware,92,0.5378718972206116,0.023915931582450867,0.10021482408046722,0.20090052485466003,0.08003941923379898,0.05705748498439789
common,0,fuzzing,263,0.22742193937301636,0.053700800985097885,0.3109465539455414,0.2590145766735077,0.08159507811069489,0.06732107698917389
common,0,insider_malcious,300,0.3496035039424896,0.0528794527053833,0.18472766876220703,0.14313165843486786,0.12893880903720856,0.14071887731552124
common,1,BruteForce,300,0.4752567410469055,0.08080469816923141,0.12410926073789597,0.15612833201885223,0.10410406440496445,0.0595969632267952
common,1,C&C,300,0.2963992655277252,0.09969144314527512,0.2813921868801117,0.2111171931028366,0.057402633130550385,0.05399736016988754
common,1,Dictionary,300,0.4281434714794159,0.1474844515323639,0.19280171394348145,0.12350796908140182,0.07605678588151932,0.03200560435652733
common,1,Discovering_resources,300,0.3414943814277649,0.1785893738269806,0.19287054240703583,0.19688226282596588,0.06004936248064041,0.030114062130451202
common,1,Exfiltration,300,0.3644842207431793,0.10934297740459442,0.19995048642158508,0.15972651541233063,0.09472175687551498,0.07177412509918213
common,1,Fake_notification,6,0.2992875576019287,0.08809953927993774,0.14328104257583618,0.2112964689731598,0.13253673911094666,0.1254986673593521
common,1,False_data_injection,300,0.5453041195869446,0.09250970929861069,0.1454179286956787,0.1285228282213211,0.05192376673221588,0.03632163256406784
common,1,Generic_scanning,300,0.39767858386039734,0.06844309717416763,0.23059116303920746,0.2001282423734665,0.07851222902536392,0.024646688252687454
common,1,MQTT_cloud_broker_subscription,300,0.5145876407623291,0.09546047449111938,0.12326683104038239,0.1305580586194992,0.08708328753709793,0.04904370382428169
common,1,MitM,23,0.2902453541755676,0.16823464632034302,0.1984705626964569,0.23605860769748688,0.07056590169668198,0.03642483055591583
common,1,Modbus_register_reading,300,0.4303266108036041,0.0946616679430008,0.16415205597877502,0.2122434675693512,0.07309579104185104,0.025520438328385353
common,1,Normal,300,0.37512901425361633,0.1465628743171692,0.2032802700996399,0.17964941263198853,0.06219795346260071,0.033180538564920425
common,1,RDOS,300,0.42261800169944763,0.11388923227787018,0.1940295696258545,0.16642343997955322,0.0631573423743248,0.03988242894411087
common,1,Reverse_shell,203,0.6246598958969116,0.0614004023373127,0.12753181159496307,0.1332656890153885,0.03815145045518875,0.014990710653364658
common,1,Scanning_vulnerability,300,0.43115875124931335,0.06336192786693573,0.22960391640663147,0.16448046267032623,0.06476020812988281,0.046634741127491
common,1,TCP Relay,300,0.6020537614822388,0.07271748036146164,0.11080428212881088,0.10414551198482513,0.06532791256904602,0.044951051473617554
common,1,crypto-ransomware,92,0.44747158885002136,0.13022226095199585,0.09377073496580124,0.19721338152885437,0.08828076720237732,0.04304137080907822
common,1,fuzzing,263,0.2984979748725891,0.15513817965984344,0.25488778948783875,0.1898849904537201,0.06858071684837341,0.03301037475466728
common,1,insider_malcious,300,0.4182782769203186,0.10221940279006958,0.16597361862659454,0.14599573612213135,0.11446643620729446,0.05306648463010788
common,2,BruteForce,300,0.36740344762802124,0.12023241817951202,0.23457187414169312,0.15179380774497986,0.08218200504779816,0.043816450983285904
common,2,C&C,300,0.5408397912979126,0.10280338674783707,0.11262039095163345,0.14189094305038452,0.04973853379487991,0.052106913179159164
common,2,Dictionary,300,0.6287578344345093,0.11412560939788818,0.11913570016622543,0.06217067316174507,0.0471295528113842,0.028680579736828804
common,2,Discovering_resources,300,0.40383389592170715,0.12058400362730026,0.21651174128055573,0.15757589042186737,0.07334177196025848,0.028152721002697945
common,2,Exfiltration,300,0.34106844663619995,0.06940708309412003,0.16107460856437683,0.25899577140808105,0.08425990492105484,0.08519421517848969
common,2,Fake_notification,6,0.3132722079753876,0.06285390257835388,0.07283386588096619,0.10064517706632614,0.18474966287612915,0.2656451463699341
common,2,False_data_injection,300,0.4852313697338104,0.12435253709554672,0.19709600508213043,0.08888795226812363,0.0630526915192604,0.04137944430112839
common,2,Generic_scanning,300,0.33931583166122437,0.08774371445178986,0.15803323686122894,0.24829348921775818,0.12026450783014297,0.04634927585721016
common,2,MQTT_cloud_broker_subscription,300,0.4814877212047577,0.08233045786619186,0.13736066222190857,0.125238835811615,0.1040954515337944,0.06948693841695786
common,2,MitM,23,0.3209129273891449,0.04850104823708534,0.24616515636444092,0.29549965262413025,0.04596929997205734,0.042951855808496475
common,2,Modbus_register_reading,300,0.2987174391746521,0.17262773215770721,0.20355865359306335,0.15677720308303833,0.10703863948583603,0.06128031760454178
common,2,Normal,300,0.44366851449012756,0.1118798777461052,0.17437009513378143,0.17645229399204254,0.05718616023659706,0.03644302859902382
common,2,RDOS,300,0.3974193036556244,0.19368228316307068,0.13273239135742188,0.12035441398620605,0.08452721685171127,0.07128435373306274
common,2,Reverse_shell,203,0.7028613686561584,0.04609765484929085,0.09152446687221527,0.08905438333749771,0.04432620480656624,0.026135873049497604
common,2,Scanning_vulnerability,300,0.5260915756225586,0.05854831263422966,0.126555398106575,0.1735115647315979,0.068531334400177,0.04676176980137825
common,2,TCP Relay,300,0.3417762219905853,0.133883997797966,0.20906399190425873,0.1813439130783081,0.08777781575918198,0.04615398868918419
common,2,crypto-ransomware,92,0.4491174817085266,0.26102203130722046,0.1117539331316948,0.07802347093820572,0.06070031598210335,0.03938279300928116
common,2,fuzzing,263,0.3855418860912323,0.05316881462931633,0.22124901413917542,0.21031104028224945,0.06279455125331879,0.0669347494840622
common,2,insider_malcious,300,0.38140571117401123,0.11736537516117096,0.13379812240600586,0.17759202420711517,0.10568543523550034,0.08415332436561584
grouped,0,BruteForce,300,0.47136953473091125,0.14809879660606384,0.042536329478025436,0.156416118144989,0.06799978762865067,0.11357937008142471
grouped,0,C&C,300,0.5194852352142334,0.2141345590353012,0.17276856303215027,0.04579748585820198,0.027954135090112686,0.019860047847032547
grouped,0,Dictionary,300,0.36491072177886963,0.2989652752876282,0.11700523644685745,0.055285654962062836,0.05102014169096947,0.11281294375658035
grouped,0,Discovering_resources,300,0.35384854674339294,0.317910373210907,0.21677622199058533,0.0667484849691391,0.021246908232569695,0.023469477891921997
grouped,0,Exfiltration,300,0.6742890477180481,0.09619677066802979,0.06128614395856857,0.07372476160526276,0.033098191022872925,0.061404962092638016
grouped,0,Fake_notification,6,0.22440242767333984,0.14333748817443848,0.07221667468547821,0.1489630490541458,0.04665864259004593,0.3644217252731323
grouped,0,False_data_injection,300,0.3730435371398926,0.16418053209781647,0.38758161664009094,0.02622251957654953,0.021170254796743393,0.027801495045423508
grouped,0,Generic_scanning,300,0.33446404337882996,0.2633611559867859,0.18900009989738464,0.08432789146900177,0.055252041667699814,0.07359477877616882
grouped,0,MQTT_cloud_broker_subscription,300,0.43644657731056213,0.22481097280979156,0.1925457864999771,0.0592440627515316,0.06341990828514099,0.02353278547525406
grouped,0,MitM,23,0.36739885807037354,0.13930591940879822,0.12930822372436523,0.1538773775100708,0.11526884138584137,0.09484081715345383
grouped,0,Modbus_register_reading,300,0.740419328212738,0.0427095852792263,0.10261374711990356,0.03040219098329544,0.03846099600195885,0.04539414867758751
grouped,0,Normal,300,0.3523368835449219,0.24519820511341095,0.20153668522834778,0.09930997341871262,0.05604420602321625,0.0455741249024868
grouped,0,RDOS,300,0.4596365988254547,0.16944120824337006,0.23953017592430115,0.05104970186948776,0.045548368245363235,0.03479398787021637
grouped,0,Reverse_shell,203,0.5488064885139465,0.16870614886283875,0.1540965437889099,0.054326318204402924,0.034500107169151306,0.03956437483429909
grouped,0,Scanning_vulnerability,300,0.3739200234413147,0.18865549564361572,0.1328619420528412,0.12933340668678284,0.08570334315299988,0.08952581882476807
grouped,0,TCP Relay,300,0.4563423693180084,0.15874014794826508,0.11742113530635834,0.08164265751838684,0.0966162160038948,0.08923737704753876
grouped,0,crypto-ransomware,92,0.7399265766143799,0.06547928601503372,0.0563814714550972,0.030016811564564705,0.07201273739337921,0.036183152347803116
grouped,0,fuzzing,256,0.2804020643234253,0.2494804710149765,0.3741001486778259,0.042760130017995834,0.028976645320653915,0.024280454963445663
grouped,0,insider_malcious,300,0.6439724564552307,0.14038248360157013,0.08705824613571167,0.044166747480630875,0.03452557697892189,0.04989450424909592
grouped,1,BruteForce,300,0.33579763770103455,0.2399417608976364,0.11846873164176941,0.12493744492530823,0.11934547871351242,0.061508893966674805
grouped,1,C&C,300,0.416782408952713,0.17003509402275085,0.15088696777820587,0.13730448484420776,0.07082177698612213,0.0541691780090332
grouped,1,Dictionary,300,0.31804248690605164,0.27660664916038513,0.13881081342697144,0.11620821058750153,0.07187248021364212,0.07845933735370636
grouped,1,Discovering_resources,300,0.1720547378063202,0.49378788471221924,0.19615235924720764,0.09322112798690796,0.026375478133559227,0.01840849779546261
grouped,1,Exfiltration,300,0.4259152114391327,0.19080626964569092,0.08490931242704391,0.08772280067205429,0.09786424785852432,0.11278204619884491
grouped,1,Fake_notification,6,0.23806506395339966,0.16258493065834045,0.07111532241106033,0.24188442528247833,0.07201899588108063,0.2143312394618988
grouped,1,False_data_injection,300,0.6181145906448364,0.1574903279542923,0.10687816143035889,0.055216267704963684,0.03394056856632233,0.028360070660710335
grouped,1,Generic_scanning,300,0.3420650362968445,0.2766260504722595,0.12827715277671814,0.13350585103034973,0.07054805010557175,0.04897787421941757
grouped,1,MQTT_cloud_broker_subscription,300,0.24853049218654633,0.38851863145828247,0.26456812024116516,0.059068355709314346,0.02184377610683441,0.01747055910527706
grouped,1,MitM,23,0.24802124500274658,0.22002586722373962,0.15231771767139435,0.2296806424856186,0.09302990138530731,0.05692467465996742
grouped,1,Modbus_register_reading,300,0.3277718424797058,0.3021615147590637,0.1296718716621399,0.11830656230449677,0.06491924077272415,0.05716893821954727
grouped,1,Normal,300,0.2681184709072113,0.26041024923324585,0.3039189875125885,0.09239281713962555,0.04825921729207039,0.02690020576119423
grouped,1,RDOS,300,0.6254906058311462,0.159402996301651,0.0725623071193695,0.05799171328544617,0.061113111674785614,0.02343922294676304
grouped,1,Reverse_shell,203,0.32804203033447266,0.2623617947101593,0.22147537767887115,0.09678629040718079,0.05087326094508171,0.040461160242557526
grouped,1,Scanning_vulnerability,300,0.26210400462150574,0.22861948609352112,0.1717749387025833,0.20769815146923065,0.0872638151049614,0.04253961890935898
grouped,1,TCP Relay,300,0.3964622914791107,0.1949111968278885,0.13866467773914337,0.13944076001644135,0.08420836180448532,0.04631282016634941
grouped,1,crypto-ransomware,92,0.6142199635505676,0.10090843588113785,0.024441445246338844,0.14175137877464294,0.0754581019282341,0.04322068765759468
grouped,1,fuzzing,260,0.294689804315567,0.2680988013744354,0.30523616075515747,0.06528417766094208,0.03763666749000549,0.029054446145892143
grouped,1,insider_malcious,300,0.4063844382762909,0.1250993013381958,0.17420437932014465,0.18262693285942078,0.0689091756939888,0.04277580603957176
grouped,2,BruteForce,300,0.37108275294303894,0.24445319175720215,0.12486615777015686,0.14962659776210785,0.0567452609539032,0.05322609469294548
grouped,2,C&C,300,0.33205467462539673,0.23535412549972534,0.11828194558620453,0.12911120057106018,0.07351158559322357,0.11168640851974487
grouped,2,Dictionary,300,0.45673230290412903,0.17427361011505127,0.080106221139431,0.07659704983234406,0.1092519462108612,0.10303892940282822
grouped,2,Discovering_resources,300,0.27940815687179565,0.28434839844703674,0.2581183910369873,0.10830668359994888,0.03464563190937042,0.03517267480492592
grouped,2,Exfiltration,300,0.4435312747955322,0.16344407200813293,0.06573822349309921,0.10930366069078445,0.0984959602355957,0.11948683857917786
grouped,2,Fake_notification,6,0.454885870218277,0.052437834441661835,0.10156568139791489,0.05754176154732704,0.11157254874706268,0.22199639678001404
grouped,2,False_data_injection,300,0.6523847579956055,0.10945482552051544,0.05040504410862923,0.06769312918186188,0.06618819385766983,0.05387403070926666
grouped,2,Generic_scanning,300,0.17118193209171295,0.26828300952911377,0.3460584282875061,0.0959601104259491,0.07654591649770737,0.041970495134592056
grouped,2,MQTT_cloud_broker_subscription,300,0.6205241680145264,0.12061234563589096,0.10296275466680527,0.06321731209754944,0.0658876821398735,0.02679571881890297
grouped,2,MitM,23,0.4281950294971466,0.07650555670261383,0.11260735243558884,0.16690091788768768,0.11147100478410721,0.10432013869285583
grouped,2,Modbus_register_reading,300,0.2862917184829712,0.267943412065506,0.15406911075115204,0.08117320388555527,0.12013888359069824,0.09038368612527847
grouped,2,Normal,300,0.3661734163761139,0.19235379993915558,0.2027157098054886,0.11271215230226517,0.0586828850209713,0.06736202538013458
grouped,2,RDOS,300,0.6106526255607605,0.11168559640645981,0.08041764050722122,0.07644485682249069,0.047694820910692215,0.07310451567173004
grouped,2,Reverse_shell,203,0.5309070348739624,0.15387757122516632,0.1844184398651123,0.053049251437187195,0.04565976932644844,0.03208782896399498
grouped,2,Scanning_vulnerability,300,0.32476383447647095,0.13405901193618774,0.12754464149475098,0.15731310844421387,0.1699792891740799,0.08634012192487717
grouped,2,TCP Relay,300,0.5721360445022583,0.13868030905723572,0.09799062460660934,0.08077462017536163,0.045628469437360764,0.06478990614414215
grouped,2,crypto-ransomware,92,0.4193171262741089,0.2615765333175659,0.035531699657440186,0.09667978435754776,0.09229547530412674,0.09459945559501648
grouped,2,fuzzing,260,0.3583887219429016,0.21934890747070312,0.2662031352519989,0.06407079845666885,0.046568337827920914,0.04542001336812973
grouped,2,insider_malcious,300,0.4922952353954315,0.14178700745105743,0.10532013326883316,0.10659420490264893,0.050366852432489395,0.10363665223121643
strict,0,BruteForce,300,0.39827287197113037,0.27966374158859253,0.08949585258960724,0.14248019456863403,0.05786620080471039,0.03222109377384186
strict,0,C&C,300,0.5689501762390137,0.11459469050168991,0.15443843603134155,0.0844661146402359,0.043883901089429855,0.033666711300611496
strict,0,Dictionary,300,0.3181149661540985,0.3432047367095947,0.18971726298332214,0.05878705903887749,0.03450121730566025,0.055674776434898376
strict,0,Discovering_resources,300,0.3878038227558136,0.21584874391555786,0.21349866688251495,0.09735323488712311,0.042472243309020996,0.04302334412932396
strict,0,Exfiltration,300,0.46121180057525635,0.12811098992824554,0.14315290749073029,0.07480087131261826,0.11217562854290009,0.08054777979850769
strict,0,Fake_notification,6,0.4307793080806732,0.0846027210354805,0.06337299942970276,0.23358717560768127,0.076168954372406,0.11148885637521744
strict,0,False_data_injection,300,0.4783507287502289,0.21977479755878448,0.10232020169496536,0.11758936941623688,0.05967670679092407,0.022288180887699127
strict,0,Generic_scanning,300,0.28851744532585144,0.2888808846473694,0.19633668661117554,0.11507313698530197,0.06474875658750534,0.04644313082098961
strict,0,MQTT_cloud_broker_subscription,300,0.5467449426651001,0.18117500841617584,0.1562187671661377,0.06608059257268906,0.03196216747164726,0.017818450927734375
strict,0,MitM,22,0.371090292930603,0.20127326250076294,0.11375810205936432,0.235188826918602,0.04459424316883087,0.034095197916030884
strict,0,Modbus_register_reading,300,0.5462606549263,0.18555790185928345,0.10363299399614334,0.04920617863535881,0.08752741664648056,0.027814866974949837
strict,0,Normal,300,0.3884252607822418,0.1912296861410141,0.23497553169727325,0.10415096580982208,0.03952004387974739,0.04169849678874016
strict,0,RDOS,300,0.5755900144577026,0.07306480407714844,0.13593041896820068,0.04179593548178673,0.09475216269493103,0.07886665314435959
strict,0,Reverse_shell,203,0.625791609287262,0.12424693256616592,0.10665867477655411,0.0672704428434372,0.05189596861600876,0.024136340245604515
strict,0,Scanning_vulnerability,300,0.30423012375831604,0.3061109781265259,0.1292911320924759,0.18073032796382904,0.04791054129600525,0.03172687068581581
strict,0,TCP Relay,300,0.4849476218223572,0.20676374435424805,0.12609806656837463,0.09347633272409439,0.05710391700267792,0.031610339879989624
strict,0,crypto-ransomware,92,0.5358187556266785,0.2024439126253128,0.025258563458919525,0.1421455591917038,0.051078759133815765,0.04325445741415024
strict,0,fuzzing,267,0.2910653054714203,0.2832033336162567,0.2700376510620117,0.08763543516397476,0.04365801811218262,0.024400336667895317
strict,0,insider_malcious,300,0.3864263594150543,0.3031851351261139,0.12102322280406952,0.06631838530302048,0.0746689885854721,0.04837789386510849
strict,1,BruteForce,300,0.39399453997612,0.2630232870578766,0.10340845584869385,0.09617569297552109,0.06744376569986343,0.07595430314540863
strict,1,C&C,300,0.4884358048439026,0.23402784764766693,0.15047362446784973,0.05961880460381508,0.03530289605259895,0.03214108198881149
strict,1,Dictionary,300,0.5470372438430786,0.21938298642635345,0.1021886095404625,0.046336520463228226,0.04369909316301346,0.04135559871792793
strict,1,Discovering_resources,300,0.23294773697853088,0.3516272008419037,0.2932295501232147,0.05904151499271393,0.03374452888965607,0.02940947376191616
strict,1,Exfiltration,300,0.5360713005065918,0.08372145891189575,0.058617543429136276,0.14659085869789124,0.09806973487138748,0.07692909985780716
strict,1,Fake_notification,6,0.56549471616745,0.033770762383937836,0.06412660330533981,0.12157964706420898,0.06312182545661926,0.15190644562244415
strict,1,False_data_injection,300,0.801935613155365,0.08331010490655899,0.03694254904985428,0.03538428246974945,0.02007867582142353,0.022348739206790924
strict,1,Generic_scanning,300,0.454875111579895,0.20795898139476776,0.13567809760570526,0.10130592435598373,0.05639578774571419,0.04378611966967583
strict,1,MQTT_cloud_broker_subscription,300,0.5439794659614563,0.1539958268404007,0.1157546266913414,0.07267654687166214,0.06027694046497345,0.05331658571958542
strict,1,MitM,23,0.4595157206058502,0.1164577528834343,0.12181039154529572,0.1689196228981018,0.08811981230974197,0.04517677053809166
strict,1,Modbus_register_reading,300,0.5649617314338684,0.09905711561441422,0.09438290446996689,0.12268197536468506,0.061262425035238266,0.057653870433568954
strict,1,Normal,300,0.31180134415626526,0.25723397731781006,0.2531299889087677,0.08544930070638657,0.05122534930706024,0.04116002470254898
strict,1,RDOS,300,0.27263712882995605,0.2587757408618927,0.31824368238449097,0.06020154803991318,0.026650428771972656,0.06349137425422668
strict,1,Reverse_shell,204,0.5009008049964905,0.18912963569164276,0.1542312055826187,0.07027170062065125,0.043114811182022095,0.0423518568277359
strict,1,Scanning_vulnerability,300,0.3885094225406647,0.20255090296268463,0.1693391501903534,0.09834448248147964,0.07334554940462112,0.06791053712368011
strict,1,TCP Relay,300,0.5348684787750244,0.11479587107896805,0.1400413066148758,0.08997730165719986,0.055779606103897095,0.06453734636306763
strict,1,crypto-ransomware,92,0.4448864459991455,0.1008390486240387,0.16079466044902802,0.08182267099618912,0.12057565152645111,0.09108152985572815
strict,1,fuzzing,266,0.2944450378417969,0.2915908396244049,0.2648259401321411,0.07065623998641968,0.03180168941617012,0.046680234372615814
strict,1,insider_malcious,300,0.49178820848464966,0.12843354046344757,0.047226134687662125,0.09445122629404068,0.11941421031951904,0.11868669837713242
strict,2,BruteForce,300,0.3164062201976776,0.4017438590526581,0.07844400405883789,0.06120891869068146,0.07975629717111588,0.06244067847728729
strict,2,C&C,300,0.381906121969223,0.1965927630662918,0.1938503384590149,0.08696115761995316,0.07138856500387192,0.0693010464310646
strict,2,Dictionary,300,0.3635748028755188,0.266958624124527,0.14673539996147156,0.07378779351711273,0.0673348680138588,0.08160851895809174
strict,2,Discovering_resources,300,0.30739253759384155,0.2545360028743744,0.24000391364097595,0.12393540143966675,0.04421941190958023,0.029912661761045456
strict,2,Exfiltration,300,0.30557674169540405,0.24143019318580627,0.24223491549491882,0.1143605038523674,0.04641949012875557,0.049978192895650864
strict,2,Fake_notification,6,0.0545557364821434,0.4895191490650177,0.14320337772369385,0.1260201781988144,0.02743138186633587,0.15927016735076904
strict,2,False_data_injection,300,0.5375878214836121,0.21511632204055786,0.13557440042495728,0.0406702421605587,0.03700428456068039,0.034046970307826996
strict,2,Generic_scanning,300,0.6124042272567749,0.08867020905017853,0.08727504312992096,0.09310562908649445,0.07133419811725616,0.04721066728234291
strict,2,MQTT_cloud_broker_subscription,300,0.5978977680206299,0.14865872263908386,0.12489695847034454,0.06203962862491608,0.039880093187093735,0.026626789942383766
strict,2,MitM,22,0.3396488130092621,0.10589121282100677,0.09499138593673706,0.3675611913204193,0.048068929463624954,0.043838344514369965
strict,2,Modbus_register_reading,300,0.7233744263648987,0.16072231531143188,0.027016248553991318,0.03846916928887367,0.025025401264429092,0.02539232186973095
strict,2,Normal,300,0.31777575612068176,0.23889873921871185,0.17134961485862732,0.16757087409496307,0.06362943351268768,0.0407756008207798
strict,2,RDOS,300,0.8216933012008667,0.04470700025558472,0.03593861311674118,0.04865134507417679,0.020881131291389465,0.028128625825047493
strict,2,Reverse_shell,203,0.635333776473999,0.10651040077209473,0.08560571819543839,0.08747118711471558,0.04994737356901169,0.03513159230351448
strict,2,Scanning_vulnerability,300,0.29993999004364014,0.16512301564216614,0.12045302242040634,0.24016325175762177,0.10033686459064484,0.0739838033914566
strict,2,TCP Relay,300,0.5414762496948242,0.14115680754184723,0.1140751913189888,0.08245961368083954,0.06700582802295685,0.053826265037059784
strict,2,crypto-ransomware,92,0.4403712749481201,0.12334349751472473,0.09269534051418304,0.21900947391986847,0.0657220333814621,0.058858420699834824
strict,2,fuzzing,271,0.3362245261669159,0.26767563819885254,0.24426108598709106,0.08090941607952118,0.03434748575091362,0.036581914871931076
strict,2,insider_malcious,300,0.09029767662286758,0.5265421271324158,0.3176186978816986,0.038585811853408813,0.019967610016465187,0.00698803411796689
