setting,seed,model,BruteForce,C&C,Dictionary,Discovering_resources,Exfiltration,Fake_notification,False_data_injection,Generic_scanning,MQTT_cloud_broker_subscription,MitM,Modbus_register_reading,Normal,RDOS,Reverse_shell,Scanning_vulnerability,TCP Relay,crypto-ransomware,fuzzing,insider_malcious
common,0,LightGBM,99.99,95.24,100.0,98.71,99.94,83.33,100.0,99.99,100.0,97.78,99.79,99.75,100.0,99.75,99.96,89.27,99.45,77.62,99.96
common,0,MLP,99.83,90.32,99.61,90.98,99.97,92.31,99.17,99.85,99.87,78.43,99.92,98.92,99.97,95.15,99.65,72.0,97.35,36.15,99.97
common,0,FTTransformer,99.93,90.13,99.9,90.8,99.92,92.31,99.07,99.85,99.74,88.89,99.83,98.98,99.95,94.15,99.79,77.78,96.84,33.38,99.93
common,0,PALT,99.97,92.76,100.0,92.28,99.95,90.91,99.02,99.87,99.84,87.5,99.83,99.05,99.97,95.26,99.83,71.66,98.92,38.08,99.93
common,1,LightGBM,100.0,95.28,100.0,98.67,99.97,100.0,100.0,100.0,99.99,100.0,99.75,99.77,100.0,99.51,99.97,90.74,100.0,81.56,99.99
common,1,MLP,99.86,90.89,99.7,90.91,99.95,80.0,99.12,99.7,99.82,69.09,99.71,98.95,99.95,94.96,99.58,76.94,96.34,39.51,99.93
common,1,FTTransformer,99.99,88.73,99.31,90.19,99.99,100.0,98.83,99.88,99.85,84.62,99.71,98.6,99.96,92.31,99.84,65.53,97.87,35.14,99.94
common,1,PALT,99.76,91.55,100.0,92.35,99.99,100.0,98.67,99.73,99.84,80.0,99.83,99.08,99.97,91.03,99.55,82.33,98.92,39.09,99.88
common,2,LightGBM,99.99,95.29,100.0,98.66,99.99,100.0,99.9,99.97,99.99,95.45,99.83,99.76,99.99,98.75,99.98,90.57,100.0,77.8,99.94
common,2,MLP,99.84,90.18,99.9,90.64,99.97,100.0,98.78,99.88,99.87,63.33,99.96,98.62,99.96,93.24,99.64,68.59,95.83,31.24,99.91
common,2,FTTransformer,99.95,89.47,100.0,92.32,99.99,100.0,98.08,99.91,99.88,93.02,99.92,98.86,99.93,95.33,99.85,76.61,98.92,35.2,99.93
common,2,PALT,99.99,89.42,99.8,93.0,99.97,100.0,98.64,99.85,99.92,95.45,99.87,99.1,99.96,93.2,99.83,81.52,99.45,41.68,99.94
grouped,0,LightGBM,99.99,98.44,100.0,98.72,99.94,92.31,100.0,99.99,99.98,95.45,99.83,99.83,100.0,99.75,99.96,88.51,98.92,91.48,99.95
grouped,0,MLP,99.9,87.79,98.38,84.6,99.94,92.31,99.17,99.78,99.75,81.48,100.0,98.76,99.94,93.37,99.71,77.92,89.66,55.39,99.95
grouped,0,FTTransformer,99.99,84.02,99.19,91.14,99.92,92.31,98.4,99.84,99.81,72.41,99.87,98.98,99.95,96.48,99.85,69.89,94.79,64.47,99.81
grouped,0,PALT,99.99,91.44,99.49,95.27,99.93,92.31,98.59,99.81,99.93,88.0,99.92,99.42,99.98,95.59,99.85,73.97,98.91,77.94,99.95
grouped,1,LightGBM,99.99,98.87,100.0,98.8,99.97,92.31,99.95,99.98,99.98,97.78,99.87,99.84,100.0,99.26,99.99,90.31,98.91,91.74,100.0
grouped,1,MLP,99.95,87.22,99.18,85.61,99.97,85.71,99.17,99.87,99.82,75.0,99.83,98.83,99.97,95.78,99.82,73.53,94.3,63.14,99.98
grouped,1,FTTransformer,99.82,88.48,99.39,84.46,99.94,85.71,97.93,99.85,99.8,80.0,99.71,98.57,99.95,93.11,99.7,81.43,88.46,47.07,99.76
grouped,1,PALT,99.98,90.55,99.49,94.82,99.98,85.71,99.51,99.92,99.9,86.96,99.87,99.45,99.99,96.98,99.85,80.86,99.45,78.16,99.95
grouped,2,LightGBM,99.99,98.28,100.0,98.49,99.97,100.0,99.85,99.96,99.96,95.45,99.87,99.82,100.0,98.5,99.99,88.89,97.78,92.58,99.97
grouped,2,MLP,99.93,86.43,98.38,86.94,99.97,100.0,98.59,99.88,99.88,83.02,99.87,98.81,99.97,93.06,99.79,73.47,94.36,56.11,99.93
grouped,2,FTTransformer,99.64,86.53,98.98,86.38,99.94,80.0,98.08,99.31,99.39,91.67,99.83,98.37,99.95,92.66,99.08,65.51,95.65,30.68,99.92
grouped,2,PALT,99.76,87.41,98.88,89.6,99.94,100.0,98.12,99.89,99.82,92.0,99.92,99.0,99.96,93.03,99.68,73.35,98.4,69.12,99.9
strict,0,LightGBM,99.99,96.61,100.0,98.25,99.98,100.0,99.61,99.95,99.9,100.0,99.79,99.75,100.0,98.27,99.95,85.52,99.46,88.18,99.95
strict,0,MLP,99.96,86.91,98.35,83.73,99.98,92.31,98.73,99.63,99.72,80.0,99.87,98.61,99.93,92.04,99.64,66.02,89.32,60.81,99.95
strict,0,FTTransformer,99.97,76.72,99.41,85.29,99.95,100.0,98.64,99.71,99.69,97.78,99.83,98.37,99.93,96.52,99.77,68.75,90.64,55.42,99.93
strict,0,PALT,99.99,90.91,99.16,95.37,99.99,100.0,99.07,99.79,99.76,90.91,99.87,99.46,99.97,96.33,99.75,79.07,100.0,75.68,99.97
strict,1,LightGBM,99.99,94.87,100.0,98.23,99.97,83.33,99.27,99.98,99.94,100.0,99.83,99.74,100.0,98.76,99.94,84.7,98.9,91.28,99.98
strict,1,MLP,99.88,86.09,98.0,82.74,99.94,100.0,98.92,99.69,99.77,80.77,99.83,98.58,99.89,92.42,99.52,71.54,96.84,50.84,99.95
strict,1,FTTransformer,99.78,90.25,99.17,81.8,99.86,85.71,97.78,97.17,99.74,75.86,99.71,98.55,99.93,88.94,96.65,76.27,96.34,46.06,99.85
strict,1,PALT,99.99,91.08,99.52,93.67,99.97,90.91,98.98,99.83,99.9,93.33,99.83,99.29,99.95,98.51,99.79,71.23,100.0,77.02,99.93
strict,2,LightGBM,100.0,95.13,100.0,98.44,99.95,92.31,99.46,99.95,99.94,97.67,99.87,99.75,100.0,98.01,99.97,85.46,98.38,90.13,99.98
strict,2,MLP,99.98,88.83,97.54,84.46,99.97,92.31,98.83,99.76,99.9,68.97,99.87,98.66,99.96,93.1,99.61,71.78,91.46,54.95,99.95
strict,2,FTTransformer,99.82,86.66,98.82,81.63,99.97,85.71,96.76,98.72,99.29,86.36,99.75,97.64,99.85,90.95,98.41,66.26,86.38,20.36,99.88
strict,2,PALT,99.99,88.8,99.05,92.49,99.97,100.0,98.54,99.81,99.84,88.37,99.92,99.19,99.97,95.1,99.73,72.01,97.85,70.68,99.97
