,,macro_f1_unique,macro_f1_unique,macro_f1_records,macro_f1_records,mcc,mcc,normal_fpr,normal_fpr
,,mean,std,mean,std,mean,std,mean,std
setting,model,,,,,,,,
common,FTTransformer,92.78,0.71,92.8,0.72,0.98,0.0,1.82,0.48
common,LightGBM,97.57,0.66,97.57,0.66,1.0,0.0,0.34,0.02
common,MLP,91.47,0.54,91.49,0.55,0.98,0.0,1.41,0.44
common,PALT,93.45,0.7,93.46,0.73,0.99,0.0,1.12,0.07
grouped,FTTransformer,91.68,1.04,91.83,1.04,0.98,0.01,2.0,0.3
grouped,LightGBM,98.25,0.17,98.29,0.17,1.0,0.0,0.23,0.02
grouped,MLP,92.68,0.34,92.8,0.29,0.98,0.0,1.19,0.14
grouped,PALT,95.08,0.4,95.14,0.38,0.99,0.0,0.92,0.45
strict,FTTransformer,91.03,1.92,91.17,1.99,0.97,0.01,2.49,1.05
strict,LightGBM,97.69,0.44,97.76,0.46,1.0,0.0,0.31,0.02
strict,MLP,91.94,0.41,92.07,0.41,0.98,0.0,1.29,0.1
strict,PALT,95.42,0.63,95.57,0.58,0.99,0.0,0.81,0.27
