split,features,seed,model,macro_f1_novel,macro_f1,macro_f1_unique,mcc,balanced_acc,normal_fpr,params,flops,fp32_kb,fp32_p99_ms_1thr,int8_dynamic_kb,int8_dynamic_p99_ms_1thr,int8_static_kb,int8_static_p99_ms_1thr
random,strict,0,LightGBM,,63.43,77.32,0.3901,69.92,81.965,,,,,,,,
random,strict,0,XGBoost,,76.37,81.09,0.8841,78.22,0.028,,,,,,,,
random,strict,0,RandomForest,,68.89,81.36,0.8387,71.75,0.022,,,,,,,,
random,strict,0,PALT,,49.27,66.68,0.325,51.95,81.998,34543.0,412352.0,189.0,0.418,144.1,0.6,191.5,0.653
random,strict,0,MLP-PLR,,63.44,74.28,0.3869,68.83,81.976,123279.0,235264.0,486.1,0.179,193.4,0.147,208.4,0.222
random,strict,0,PALT-PLR,,65.59,74.8,0.8446,73.05,0.057,53695.0,448832.0,265.5,0.452,196.5,0.61,244.0,0.736
random,strict-noseq,0,XGBoost,,16.73,44.92,0.1962,25.96,99.057,,,,,,,,
random,strict-noseq,0,RandomForest,,22.02,45.43,0.3866,25.47,9.275,,,,,,,,
random,strict-noseq,0,MLP-PLR,,12.78,43.42,0.1124,19.84,99.537,118095.0,225024.0,,,,,,
random,strict-noseq,0,PALT-PLR,,13.05,46.37,0.1068,17.76,99.535,52623.0,446784.0,,,,,,
random,strict-noseq,1,XGBoost,,13.62,43.71,0.1179,21.23,96.664,,,,,,,,
random,strict-noseq,1,RandomForest,,11.31,44.88,0.1253,21.67,93.214,,,,,,,,
random,strict-noseq,1,MLP-PLR,,19.25,45.46,0.2162,32.91,98.628,118095.0,225024.0,,,,,,
random,strict-noseq,1,PALT-PLR,,13.03,43.93,0.1163,22.13,98.631,52623.0,446784.0,,,,,,
random,strict-noseq,2,XGBoost,,30.15,45.57,0.2647,41.35,98.27,,,,,,,,
random,strict-noseq,2,RandomForest,,32.89,45.37,0.5059,36.5,2.979,,,,,,,,
random,strict-noseq,2,MLP-PLR,,40.3,45.6,0.595,41.98,5.413,118095.0,225024.0,,,,,,
random,strict-noseq,2,PALT-PLR,,37.78,44.48,0.5981,45.25,3.145,52623.0,446784.0,,,,,,
