setting,seed,model,Backdoor_Malware,BenignTraffic,BrowserHijacking,CommandInjection,DDoS-ACK_Fragmentation,DDoS-HTTP_Flood,DDoS-ICMP_Flood,DDoS-ICMP_Fragmentation,DDoS-PSHACK_Flood,DDoS-RSTFINFlood,DDoS-SYN_Flood,DDoS-SlowLoris,DDoS-SynonymousIP_Flood,DDoS-TCP_Flood,DDoS-UDP_Flood,DDoS-UDP_Fragmentation,DNS_Spoofing,DictionaryBruteForce,DoS-HTTP_Flood,DoS-SYN_Flood,DoS-TCP_Flood,DoS-UDP_Flood,MITM-ArpSpoofing,Mirai-greeth_flood,Mirai-greip_flood,Mirai-udpplain,Recon-HostDiscovery,Recon-OSScan,Recon-PingSweep,Recon-PortScan,SqlInjection,Uploading_Attack,VulnerabilityScan,XSS
common,0,LightGBM,51.17,83.1,65.02,55.18,99.96,99.8,99.96,99.93,99.96,99.99,99.91,99.83,99.93,99.93,99.93,99.94,80.44,74.45,99.82,99.94,99.97,99.94,86.4,99.93,99.93,99.97,86.65,71.83,42.26,74.6,55.59,32.88,99.86,37.71
common,0,MLP,26.02,65.99,39.14,35.47,99.14,90.36,99.94,98.69,99.89,99.97,70.83,93.58,80.39,79.15,75.58,98.96,56.69,45.05,90.08,65.58,68.03,71.75,68.01,80.01,81.78,99.62,71.53,41.5,20.87,47.23,32.27,9.66,95.27,16.6
common,0,FTTransformer,27.3,64.94,37.86,33.79,98.93,88.21,99.89,98.58,99.85,99.97,70.76,91.41,79.14,78.06,75.17,99.02,52.83,46.03,86.65,63.91,63.6,64.75,68.33,52.95,59.69,99.49,70.86,40.52,19.26,48.04,32.22,9.01,94.5,13.1
common,0,PALT,27.54,67.82,39.76,34.47,98.97,91.13,99.9,98.45,99.92,99.97,70.99,94.58,81.36,80.23,76.9,98.87,57.25,49.96,90.6,66.8,71.71,74.49,69.86,92.51,92.61,99.62,74.85,43.31,24.73,49.64,36.09,12.01,95.83,16.5
common,1,LightGBM,55.09,83.98,72.34,58.56,99.95,99.77,100.0,99.95,99.98,99.98,99.88,99.69,99.93,99.98,99.94,99.95,79.8,75.12,99.78,99.93,99.98,99.94,86.9,99.95,99.94,99.97,87.23,74.44,60.62,75.91,63.41,42.74,99.82,42.19
common,1,MLP,26.53,66.23,37.91,34.93,98.91,90.67,99.92,98.65,99.89,99.92,70.79,92.54,80.11,78.14,75.04,98.75,56.74,44.76,90.34,65.75,65.1,68.5,67.82,78.21,80.77,99.6,71.12,38.21,19.21,47.58,35.48,10.27,94.92,14.82
common,1,FTTransformer,26.77,65.96,38.54,33.32,98.65,88.18,99.94,98.43,99.87,99.88,69.86,91.32,78.74,78.0,74.93,98.57,56.33,44.25,87.59,62.93,63.62,59.24,65.91,57.04,54.9,99.46,70.77,37.58,20.98,46.03,34.36,10.58,94.23,12.37
common,1,PALT,30.71,68.54,39.57,36.19,98.75,90.91,99.94,98.63,99.89,99.93,70.81,93.4,81.51,79.3,79.5,98.72,57.13,48.17,90.49,67.9,68.64,77.76,68.68,95.55,95.35,99.62,73.59,43.77,22.51,48.19,36.97,11.49,95.41,16.51
common,2,LightGBM,48.02,83.7,65.98,54.69,99.96,99.77,99.98,99.94,99.97,100.0,99.91,99.78,99.88,99.96,99.96,99.96,79.78,73.42,99.79,99.92,99.93,99.96,86.18,99.93,99.93,99.99,87.78,73.11,44.28,75.36,55.67,37.84,99.88,37.63
common,2,MLP,23.08,66.44,37.43,34.72,98.86,90.17,99.95,98.87,99.92,99.95,71.02,92.34,80.83,79.03,76.47,98.97,54.53,44.04,90.24,66.42,69.78,73.97,68.12,70.89,72.88,99.59,71.5,39.66,19.68,49.68,34.52,10.16,94.94,19.1
common,2,FTTransformer,26.96,67.2,37.45,35.04,98.92,89.08,99.93,98.73,99.93,99.95,70.76,91.85,80.06,78.2,75.74,98.95,56.53,46.28,88.47,64.78,64.13,59.08,68.05,63.75,39.46,99.53,71.88,42.64,20.37,48.44,31.32,10.31,94.72,14.7
common,2,PALT,29.31,68.24,41.91,35.29,98.75,91.14,99.93,98.6,99.93,99.95,71.29,93.82,81.44,80.31,75.81,98.84,57.72,48.99,90.75,66.98,71.7,71.32,69.12,81.61,80.39,99.59,74.38,45.35,23.64,48.1,37.49,13.5,95.94,16.74
grouped,0,LightGBM,48.47,83.1,64.75,55.82,99.95,99.73,99.98,99.95,99.98,99.99,99.87,99.73,99.92,99.96,99.98,99.97,79.27,72.81,99.79,99.94,99.97,99.98,86.3,99.89,99.9,99.92,87.71,72.77,42.6,74.85,53.93,33.95,99.84,37.2
grouped,0,MLP,26.95,65.84,37.05,34.54,98.9,90.54,99.97,98.68,99.9,99.95,70.98,92.57,80.07,78.88,75.28,98.95,56.44,44.56,90.03,65.02,67.44,70.37,69.13,75.73,79.5,99.58,71.8,40.14,22.26,48.05,32.39,8.96,94.87,14.5
grouped,0,FTTransformer,30.25,64.71,37.59,35.88,98.82,89.16,99.94,98.51,99.89,99.95,70.91,91.05,79.48,77.66,75.45,98.91,54.11,45.8,87.73,65.49,64.84,60.32,68.68,64.36,33.15,99.47,71.73,41.96,22.25,48.59,34.05,9.65,94.21,14.45
grouped,0,PALT,28.95,67.8,38.01,36.46,98.88,91.28,99.97,98.55,99.92,99.96,71.12,93.65,81.12,79.64,78.42,98.77,56.81,47.96,90.56,66.64,71.32,77.67,69.11,89.93,90.66,99.57,74.36,42.15,25.19,48.73,36.72,10.5,95.63,17.2
grouped,1,LightGBM,48.76,81.77,63.88,53.44,99.95,99.85,99.97,99.95,99.97,99.98,99.92,99.85,99.92,99.96,99.96,99.95,80.05,73.26,99.86,99.92,99.97,99.98,86.42,99.93,99.91,99.97,87.71,73.05,42.38,75.84,53.47,28.68,99.85,36.15
grouped,1,MLP,27.75,66.64,37.89,35.51,98.83,89.94,99.95,98.6,99.91,99.95,71.11,92.56,80.53,79.46,75.25,98.86,55.46,45.04,89.89,65.75,68.58,73.73,68.74,71.69,66.91,99.59,72.07,37.01,20.42,49.15,30.93,9.61,95.02,16.72
grouped,1,FTTransformer,29.2,66.47,40.19,33.54,98.75,88.56,99.94,98.48,99.88,99.92,71.17,91.22,80.32,78.02,75.61,98.82,57.26,46.84,88.09,64.73,63.88,58.12,68.21,63.52,41.48,99.47,73.09,34.93,21.87,48.47,33.42,9.83,94.58,14.36
grouped,1,PALT,30.38,68.18,41.81,36.26,98.79,90.16,99.94,98.72,99.88,99.95,71.34,93.41,81.43,79.19,76.47,98.78,57.19,47.84,90.04,67.53,70.47,75.48,69.32,95.18,95.04,99.59,73.22,43.03,22.78,48.78,34.58,11.63,95.26,16.82
grouped,2,LightGBM,48.63,83.13,66.74,54.43,99.96,99.72,100.0,99.95,99.95,99.99,99.93,99.6,99.9,99.95,99.92,99.92,80.63,74.66,99.77,99.91,99.94,99.95,85.89,99.89,99.87,100.0,86.85,72.7,41.73,74.49,54.67,30.73,99.87,36.9
grouped,2,MLP,28.09,66.24,38.55,34.51,98.83,90.68,99.95,98.79,99.92,99.95,71.03,92.79,80.37,79.71,76.89,98.9,56.85,45.66,90.39,64.47,69.53,75.92,68.49,72.67,71.1,99.57,71.52,39.81,19.03,49.86,33.75,9.01,95.1,16.72
grouped,2,FTTransformer,30.25,66.73,37.76,32.9,98.7,89.34,99.92,98.65,99.84,99.94,70.89,92.45,79.92,78.31,75.84,98.71,56.62,46.13,88.78,63.52,65.4,58.89,68.47,66.78,46.34,99.57,72.88,41.44,18.84,49.31,32.03,9.8,94.63,13.9
grouped,2,PALT,31.57,68.3,41.39,36.52,98.82,90.94,99.93,98.64,99.9,99.92,71.0,93.81,81.18,80.02,78.93,98.86,57.26,48.05,90.72,65.85,71.06,76.3,69.01,76.94,76.78,99.52,74.51,44.81,23.75,49.28,37.96,11.72,95.66,17.61
