split,weighted,features,seed,model,eval,Backdoor,DDoS_HTTP,DDoS_ICMP,DDoS_TCP,DDoS_UDP,Fingerprinting,MITM,Normal,Password,Port_Scanning,Ransomware,SQL_injection,Uploading,Vulnerability_scanner,XSS
session,False,strict,0,XGBoost,test_unique,0.0,93.6,99.67,99.98,99.98,2.65,0.0,88.98,53.7,99.95,0.0,86.54,96.0,98.48,80.37
session,False,strict,0,XGBoost,test_novel,0.0,99.29,99.67,100.0,100.0,0.0,0.0,88.65,36.36,100.0,0.0,75.76,72.0,97.31,43.14
session,False,strict,0,RandomForest,test_unique,0.0,96.44,99.99,99.99,99.98,14.81,0.0,80.29,76.82,99.95,0.0,92.03,95.54,98.68,90.53
session,False,strict,0,RandomForest,test_novel,0.0,99.38,100.0,100.0,100.0,0.0,0.0,78.47,66.67,100.0,0.0,87.27,52.17,97.41,72.0
session,False,strict,1,XGBoost,test_unique,0.0,93.53,99.69,100.0,99.96,4.17,0.0,99.5,53.46,99.98,0.0,88.12,96.22,97.89,72.27
session,False,strict,1,XGBoost,test_novel,0.0,99.07,99.65,100.0,99.98,0.0,0.0,99.66,54.55,100.0,0.0,83.78,80.0,95.2,0.0
session,False,strict,1,RandomForest,test_unique,1.52,96.65,99.99,100.0,99.98,22.22,0.0,99.18,80.56,99.98,0.0,92.64,95.61,98.82,82.56
session,False,strict,1,RandomForest,test_novel,0.0,99.65,100.0,100.0,100.0,0.0,0.0,99.25,75.0,100.0,0.0,89.23,48.0,97.55,0.0
session,False,strict,2,XGBoost,test_unique,0.0,93.06,99.74,100.0,99.96,3.01,99.35,91.73,45.08,99.98,0.0,86.95,97.16,98.94,73.38
session,False,strict,2,XGBoost,test_novel,0.0,98.94,99.72,100.0,99.98,0.0,100.0,97.19,0.0,100.0,0.0,71.7,95.24,98.92,30.77
session,False,strict,2,RandomForest,test_unique,13.33,96.48,100.0,100.0,99.98,12.9,99.35,94.37,80.88,99.98,0.0,92.19,97.38,99.32,78.63
session,False,strict,2,RandomForest,test_novel,22.22,99.47,100.0,100.0,100.0,0.0,100.0,96.25,0.0,100.0,0.0,80.0,90.32,99.49,31.37
session,False,strict,3,XGBoost,test_unique,20.0,93.95,99.6,99.99,99.96,3.28,99.77,93.81,51.61,99.95,0.0,88.3,95.58,99.06,81.04
session,False,strict,3,XGBoost,test_novel,0.0,99.52,99.48,100.0,99.98,0.0,100.0,99.0,0.0,100.0,0.0,80.0,0.0,99.58,0.0
session,False,strict,3,RandomForest,test_unique,18.18,96.43,99.99,100.0,99.98,20.0,99.77,96.28,78.87,99.95,0.0,92.38,98.04,99.21,91.98
session,False,strict,3,RandomForest,test_novel,0.0,99.46,100.0,100.0,100.0,0.0,100.0,97.83,0.0,100.0,0.0,85.71,0.0,99.35,0.0
session,False,strict,4,XGBoost,test_unique,0.0,93.41,99.76,100.0,99.98,4.8,0.0,99.59,43.2,99.98,0.0,88.13,96.39,98.15,75.73
session,False,strict,4,XGBoost,test_novel,0.0,99.21,99.76,100.0,100.0,0.0,0.0,99.87,0.0,100.0,0.0,68.42,91.18,95.69,21.28
session,False,strict,4,RandomForest,test_unique,1.46,96.66,100.0,100.0,99.98,20.0,0.0,99.7,81.2,99.98,0.0,92.32,96.2,98.82,91.27
session,False,strict,4,RandomForest,test_novel,0.0,99.64,100.0,100.0,100.0,0.0,0.0,99.77,0.0,100.0,0.0,78.79,84.06,96.88,42.86
random,False,strict,0,LightGBM,test_unique,82.44,96.1,99.86,99.96,100.0,0.0,100.0,99.97,27.69,99.97,71.06,87.36,61.54,98.91,34.86
random,False,strict,0,LightGBM,test_unique_permseq,8.91,7.98,96.16,38.46,95.63,0.0,97.1,60.04,0.0,44.29,8.19,1.87,0.18,39.92,0.0
random,False,strict,0,XGBoost,test_unique,82.56,96.94,99.85,100.0,100.0,0.0,100.0,99.98,53.85,99.97,71.32,86.6,54.24,98.87,70.91
random,False,strict,0,XGBoost,test_unique_permseq,8.65,7.92,71.06,32.94,99.83,0.0,97.84,58.25,0.0,32.34,8.79,1.36,0.35,24.68,0.0
random,False,strict,0,RandomForest,test_unique,83.91,97.92,100.0,99.96,100.0,0.0,100.0,99.99,40.0,99.97,58.04,89.75,74.77,98.94,77.11
random,False,strict,0,RandomForest,test_unique_permseq,12.29,11.06,100.0,93.32,100.0,0.0,8.69,82.98,0.0,86.88,10.13,5.52,0.43,78.31,0.0
random,False,strict,0,Oracle-majority,test_unique,99.18,98.71,100.0,100.0,100.0,0.0,100.0,100.0,88.89,99.9,97.82,93.37,99.07,99.59,95.45
random,False,strict,1,LightGBM,test_unique,82.06,95.65,99.7,99.99,99.98,4.3,99.3,99.97,33.33,99.7,70.77,83.07,60.14,99.12,36.71
random,False,strict,1,LightGBM,test_unique_permseq,10.3,8.56,66.8,90.23,66.18,0.0,43.72,58.24,0.0,88.01,7.53,2.6,0.16,29.63,1.56
random,False,strict,1,XGBoost,test_unique,82.67,97.11,99.76,99.99,99.98,3.7,99.3,99.96,21.62,99.7,70.86,85.79,50.57,99.14,63.57
random,False,strict,1,XGBoost,test_unique_permseq,8.4,9.85,70.01,77.96,99.98,0.0,97.14,58.77,0.0,69.29,7.2,4.23,0.08,23.09,1.21
random,False,strict,1,RandomForest,test_unique,83.33,98.05,99.93,99.99,99.98,11.76,99.3,99.98,57.14,99.7,58.03,88.6,73.87,99.13,73.12
random,False,strict,1,RandomForest,test_unique_permseq,10.93,10.16,99.99,99.99,99.98,11.76,97.26,81.54,0.0,99.33,9.37,5.05,0.48,77.62,1.0
random,False,strict,1,Oracle-majority,test_unique,99.16,98.66,99.99,99.99,99.72,0.0,99.3,99.99,85.71,99.68,97.7,91.82,97.25,99.68,89.36
random,False,strict,2,LightGBM,test_unique,81.58,95.79,99.85,100.0,100.0,0.0,100.0,99.97,21.95,100.0,69.56,83.33,56.21,98.82,39.8
random,False,strict,2,LightGBM,test_unique_permseq,9.74,5.97,97.32,62.77,89.83,0.0,90.08,60.46,0.0,28.64,7.34,1.36,0.3,26.03,0.0
random,False,strict,2,XGBoost,test_unique,82.71,97.43,99.76,100.0,100.0,0.0,100.0,99.97,37.04,100.0,70.64,87.81,57.33,98.9,60.8
random,False,strict,2,XGBoost,test_unique_permseq,9.55,7.3,99.79,41.2,100.0,0.0,70.09,61.68,0.0,36.43,8.59,1.46,0.15,28.02,0.0
random,False,strict,2,RandomForest,test_unique,83.58,98.21,100.0,100.0,100.0,0.0,100.0,99.99,57.14,100.0,57.57,89.47,76.64,99.19,82.05
random,False,strict,2,RandomForest,test_unique_permseq,10.9,8.81,100.0,93.35,100.0,0.0,8.46,82.01,0.16,87.78,8.72,3.96,0.62,76.42,4.8
random,False,strict,2,Oracle-majority,test_unique,99.42,98.78,100.0,100.0,100.0,0.0,100.0,100.0,88.89,100.0,98.4,93.09,99.07,99.6,96.55
random-coarse,False,strict,0,LightGBM,test_unique,85.93,83.86,99.86,100.0,100.0,0.0,100.0,99.84,0.0,99.97,70.89,44.57,26.83,94.37,7.57
random-coarse,False,strict,0,XGBoost,test_unique,85.78,85.96,99.85,100.0,100.0,0.0,100.0,99.84,0.0,99.97,70.73,44.54,25.96,94.4,11.15
random-coarse,False,strict,0,RandomForest,test_unique,86.09,85.87,100.0,100.0,100.0,0.0,100.0,99.85,0.0,99.97,70.91,44.43,25.85,94.37,10.04
random-coarse,False,strict,1,LightGBM,test_unique,86.35,84.74,99.7,99.99,99.98,4.26,99.3,99.84,5.19,99.7,72.31,46.02,25.14,94.37,5.78
random-coarse,False,strict,1,XGBoost,test_unique,86.24,86.11,99.76,99.99,99.98,3.64,99.3,99.83,5.19,99.7,72.29,45.85,25.14,94.31,6.36
random-coarse,False,strict,1,RandomForest,test_unique,86.35,87.28,99.93,99.99,99.98,11.11,99.3,99.84,12.5,99.7,72.29,45.74,25.21,94.29,7.14
random-coarse,False,strict,2,LightGBM,test_unique,86.2,84.73,99.85,100.0,100.0,0.0,100.0,99.84,1.03,100.0,72.03,44.11,28.91,93.96,11.39
random-coarse,False,strict,2,XGBoost,test_unique,86.09,86.42,99.76,100.0,100.0,0.0,100.0,99.82,1.03,100.0,71.89,44.11,27.84,93.97,20.22
random-coarse,False,strict,2,RandomForest,test_unique,86.28,87.84,100.0,100.0,100.0,0.0,100.0,99.84,1.3,100.0,71.93,44.04,28.4,93.96,25.0
