split,features,seed,model,macro_f1,macro_f1_unique,mcc,balanced_acc,normal_fpr,params,flops,fp32_kb,fp32_p99_ms_1thr,fp32_macro_f1,int8_dynamic_kb,int8_dynamic_p99_ms_1thr,int8_dynamic_macro_f1,int8_static_kb,int8_static_p99_ms_1thr,int8_static_macro_f1
random,raw-author,0,LightGBM,79.45,88.68,0.9455,87.44,0.0,,,,,,,,,,,
random,raw-author,0,MLP,81.59,84.79,0.9342,84.19,0.0,31071.0,51200.0,125.3,0.063,81.62,42.1,0.091,81.61,59.9,0.111,78.82
random,raw-author,0,FTTransformer,84.55,88.93,0.9421,86.61,0.0,30703.0,1541056.0,171.9,0.471,84.53,126.4,0.968,82.86,171.4,0.912,83.13
random,raw-author,0,PALT,78.29,88.79,0.9159,82.51,0.014,36719.0,412544.0,197.9,0.453,78.29,147.0,0.603,70.11,200.3,0.773,71.91
random,raw-author,1,LightGBM,78.66,89.37,0.9417,81.19,0.0,,,,,,,,,,,
random,raw-author,1,MLP,77.02,85.72,0.9275,75.07,0.0,31071.0,51200.0,,,,,,,,,
random,raw-author,1,FTTransformer,85.01,88.19,0.9426,85.17,0.0,30703.0,1541056.0,,,,,,,,,
random,raw-author,1,PALT,78.21,89.64,0.9112,74.63,0.121,36719.0,412544.0,,,,,,,,,
random,raw-author,2,LightGBM,89.07,89.31,0.9551,90.17,0.0,,,,,,,,,,,
random,raw-author,2,MLP,85.02,85.32,0.9436,87.06,0.0,31071.0,51200.0,,,,,,,,,
random,raw-author,2,FTTransformer,89.57,90.13,0.9523,89.65,0.0,30703.0,1541056.0,,,,,,,,,
random,raw-author,2,PALT,86.53,89.59,0.9242,85.39,0.119,36719.0,412544.0,,,,,,,,,
random,author,0,LightGBM,68.69,75.93,0.7646,84.29,14.939,,,,,,,,,,,
random,author,0,MLP,81.25,85.15,0.9092,80.29,0.129,30159.0,51456.0,121.4,0.059,81.26,40.5,0.071,77.15,55.4,0.099,75.31
random,author,0,FTTransformer,84.31,88.97,0.9175,83.17,0.121,28687.0,1541056.0,163.6,0.557,84.31,123.7,0.571,82.47,162.8,1.421,84.12
random,author,0,PALT,84.13,88.79,0.9175,83.05,0.12,34671.0,412608.0,189.6,0.483,84.12,144.3,0.677,75.4,191.7,0.731,76.6
random,author,1,LightGBM,75.63,76.43,0.7631,87.35,15.525,,,,,,,,,,,
random,author,1,MLP,84.79,85.46,0.9153,81.86,0.007,30159.0,51456.0,,,,,,,,,
random,author,1,FTTransformer,88.75,89.22,0.9243,84.87,0.014,28687.0,1541056.0,,,,,,,,,
random,author,1,PALT,88.6,89.08,0.9244,84.69,0.015,34671.0,412608.0,,,,,,,,,
random,author,2,LightGBM,75.74,76.6,0.7779,87.27,13.651,,,,,,,,,,,
random,author,2,MLP,85.67,86.14,0.9173,82.21,0.015,30159.0,51456.0,,,,,,,,,
random,author,2,FTTransformer,87.95,88.6,0.9238,85.02,0.02,28687.0,1541056.0,,,,,,,,,
random,author,2,PALT,89.27,89.55,0.9261,85.21,0.011,34671.0,412608.0,,,,,,,,,
random,strict,0,LightGBM,63.43,77.32,0.3901,69.92,81.965,,,,,,,,,,,
random,strict,0,MLP,59.43,67.9,0.3612,59.53,81.993,29647.0,50432.0,119.4,0.075,59.46,40.0,0.074,57.42,54.9,0.16,56.84
random,strict,0,FTTransformer,58.38,69.69,0.3785,62.51,81.98,28431.0,1409984.0,162.6,0.534,58.39,122.7,0.661,58.39,161.8,0.897,58.2
random,strict,0,PALT,49.27,66.68,0.325,51.95,81.998,34543.0,412352.0,189.0,0.493,49.27,144.1,0.675,52.31,191.5,0.741,51.04
random,strict,1,LightGBM,47.06,77.59,0.2708,51.96,76.346,,,,,,,,,,,
random,strict,1,MLP,43.71,67.5,0.4131,46.22,40.574,29647.0,50432.0,,,,,,,,,
random,strict,1,FTTransformer,33.84,64.46,0.2316,38.9,76.423,28431.0,1409984.0,,,,,,,,,
random,strict,1,PALT,37.31,67.35,0.362,41.28,40.572,34543.0,412352.0,,,,,,,,,
random,strict,2,LightGBM,75.83,76.46,0.6034,88.72,38.785,,,,,,,,,,,
random,strict,2,MLP,63.98,68.42,0.4122,73.92,75.688,29647.0,50432.0,,,,,,,,,
random,strict,2,FTTransformer,70.33,70.47,0.4691,78.65,75.668,28431.0,1409984.0,,,,,,,,,
random,strict,2,PALT,67.28,73.09,0.424,81.27,75.668,34543.0,412352.0,,,,,,,,,
