setting,seed,class,n,link_net,ip_hdr,transport,tcp_flags,tcp_counts,app,rate,size
strict,0,Backdoor_Malware,300,0.14754746854305267,0.14858753979206085,0.060588281601667404,0.057281747460365295,0.1972777247428894,0.07575429975986481,0.23377375304698944,0.07918915897607803
strict,0,BenignTraffic,300,0.11205142736434937,0.22366845607757568,0.03379927948117256,0.030760031193494797,0.382456511259079,0.08148561418056488,0.08734916150569916,0.048429545015096664
strict,0,BrowserHijacking,300,0.14300988614559174,0.17753194272518158,0.06485018879175186,0.05307209491729736,0.2860936224460602,0.09028369188308716,0.12697483599185944,0.058183733373880386
strict,0,CommandInjection,300,0.13770635426044464,0.16133767366409302,0.06570979207754135,0.06917941570281982,0.2138001173734665,0.07899685204029083,0.19824954867362976,0.0750202015042305
strict,0,DDoS-ACK_Fragmentation,300,0.06920682638883591,0.2487877756357193,0.05380552262067795,0.11995521932840347,0.11139892041683197,0.10087639838457108,0.121763214468956,0.17420613765716553
strict,0,DDoS-HTTP_Flood,300,0.26371854543685913,0.1479310542345047,0.1062641441822052,0.03170134127140045,0.0896628350019455,0.05611015856266022,0.09717608988285065,0.20743580162525177
strict,0,DDoS-ICMP_Flood,300,0.3010677099227905,0.1958007663488388,0.0928720086812973,0.11397888511419296,0.06387966126203537,0.07412968575954437,0.06774723529815674,0.09052400290966034
strict,0,DDoS-ICMP_Fragmentation,300,0.7061206102371216,0.06631381809711456,0.03605871647596359,0.016309835016727448,0.02750251069664955,0.02263837680220604,0.07507049292325974,0.04998569190502167
strict,0,DDoS-PSHACK_Flood,300,0.04259653389453888,0.11602144688367844,0.1958785057067871,0.17005719244480133,0.05953263118863106,0.10074082016944885,0.21280458569526672,0.10236823558807373
strict,0,DDoS-RSTFINFlood,300,0.11866096407175064,0.036948613822460175,0.1088445708155632,0.08937246352434158,0.4119972586631775,0.058688610792160034,0.035953182727098465,0.1395343542098999
strict,0,DDoS-SYN_Flood,300,0.10371243953704834,0.04771998152136803,0.05637441202998161,0.13986432552337646,0.4560510218143463,0.02345903217792511,0.08043809235095978,0.09238066524267197
strict,0,DDoS-SlowLoris,300,0.15535689890384674,0.11479479819536209,0.10090215504169464,0.045242100954055786,0.3420499265193939,0.05057734623551369,0.09336046874523163,0.09771627932786942
strict,0,DDoS-SynonymousIP_Flood,300,0.148785799741745,0.08802569657564163,0.05946651101112366,0.08388986438512802,0.35034558176994324,0.03906344622373581,0.08920975774526596,0.14121337234973907
strict,0,DDoS-TCP_Flood,300,0.15902873873710632,0.09368783980607986,0.19176264107227325,0.1465315818786621,0.06455189734697342,0.1260991394519806,0.10919273644685745,0.10914541780948639
strict,0,DDoS-UDP_Flood,300,0.23958663642406464,0.06292559206485748,0.04918605834245682,0.04838910698890686,0.07308395206928253,0.06255355477333069,0.3208692967891693,0.1434057503938675
strict,0,DDoS-UDP_Fragmentation,300,0.07184109836816788,0.3158840537071228,0.1765369325876236,0.06938324868679047,0.1366906315088272,0.0889483317732811,0.09544958174228668,0.045266203582286835
strict,0,DNS_Spoofing,300,0.19175198674201965,0.1757272183895111,0.0624399408698082,0.06316618621349335,0.21153107285499573,0.09082219004631042,0.13753150403499603,0.0670299232006073
strict,0,DictionaryBruteForce,300,0.1302935928106308,0.16231319308280945,0.06673497706651688,0.05870746076107025,0.3007327914237976,0.08199110627174377,0.13915805518627167,0.06006881222128868
strict,0,DoS-HTTP_Flood,300,0.19646425545215607,0.13157331943511963,0.07816686481237411,0.04950233921408653,0.14922654628753662,0.11691367626190186,0.13270734250545502,0.14544565975666046
strict,0,DoS-SYN_Flood,300,0.12465386092662811,0.07297466695308685,0.082672119140625,0.11326293647289276,0.34823599457740784,0.04094668850302696,0.10480733960866928,0.11244633793830872
strict,0,DoS-TCP_Flood,300,0.16356556117534637,0.06074999272823334,0.3144699037075043,0.090629942715168,0.08173869550228119,0.10439858585596085,0.09205392003059387,0.09239336103200912
strict,0,DoS-UDP_Flood,300,0.22751806676387787,0.06839194148778915,0.062168434262275696,0.03827999532222748,0.07820157706737518,0.08919277042150497,0.27812904119491577,0.15811817348003387
strict,0,MITM-ArpSpoofing,300,0.1679246723651886,0.18669816851615906,0.064527228474617,0.0389031358063221,0.2642369568347931,0.1041402742266655,0.11483974754810333,0.058729786425828934
strict,0,Mirai-greeth_flood,300,0.2713097929954529,0.3665657937526703,0.13887766003608704,0.047474998980760574,0.05558953061699867,0.06071487441658974,0.025333715602755547,0.03413354605436325
strict,0,Mirai-greip_flood,300,0.1748952567577362,0.40429359674453735,0.08190503716468811,0.03369104489684105,0.08322138339281082,0.0656118169426918,0.06765741854906082,0.08872441947460175
strict,0,Mirai-udpplain,300,0.07372531294822693,0.09805756062269211,0.07539067417383194,0.06366686522960663,0.11143241077661514,0.14175114035606384,0.27800774574279785,0.15796823799610138
strict,0,Recon-HostDiscovery,300,0.1408454179763794,0.13658195734024048,0.06477916240692139,0.07417614758014679,0.2681727111339569,0.08572486788034439,0.16738563776016235,0.062334127724170685
strict,0,Recon-OSScan,300,0.1389368772506714,0.15593929588794708,0.06168925389647484,0.060038745403289795,0.3101028501987457,0.08952966332435608,0.12371204048395157,0.060051217675209045
strict,0,Recon-PingSweep,300,0.1335405707359314,0.18869535624980927,0.04789978638291359,0.041157741099596024,0.31707125902175903,0.06168023869395256,0.14046840369701385,0.06948663294315338
strict,0,Recon-PortScan,300,0.1763700693845749,0.1456129401922226,0.06360331177711487,0.06183013692498207,0.2632514536380768,0.09101339429616928,0.1337747573852539,0.06454400718212128
strict,0,SqlInjection,300,0.12563112378120422,0.1387893259525299,0.0666411891579628,0.06766561418771744,0.243197962641716,0.08007724583148956,0.20851701498031616,0.06948059052228928
strict,0,Uploading_Attack,250,0.15600064396858215,0.14352579414844513,0.07058122754096985,0.07175556570291519,0.22522908449172974,0.10073133558034897,0.16111430525779724,0.07106205821037292
strict,0,VulnerabilityScan,300,0.15849408507347107,0.09355569630861282,0.07141610234975815,0.05362343788146973,0.29226118326187134,0.06354842334985733,0.16710056364536285,0.1000005379319191
strict,0,XSS,300,0.12167107313871384,0.162186399102211,0.06845042109489441,0.05605987831950188,0.23546385765075684,0.0854765996336937,0.1966322958469391,0.07405948638916016
strict,1,Backdoor_Malware,300,0.14254891872406006,0.2904306948184967,0.06176525726914406,0.05263208970427513,0.15512113273143768,0.05826026201248169,0.17749299108982086,0.061748605221509933
strict,1,BenignTraffic,300,0.18457822501659393,0.37723425030708313,0.04828985035419464,0.04440135881304741,0.1542150229215622,0.069334015250206,0.08046476542949677,0.04148257523775101
strict,1,BrowserHijacking,300,0.16480357944965363,0.28518372774124146,0.06600742787122726,0.05006852000951767,0.20470044016838074,0.06931298971176147,0.11287418007850647,0.047049108892679214
strict,1,CommandInjection,300,0.17060911655426025,0.2734922170639038,0.06390614807605743,0.054051026701927185,0.1761646270751953,0.060305625200271606,0.13621219992637634,0.06525907665491104
strict,1,DDoS-ACK_Fragmentation,300,0.32365596294403076,0.11205397546291351,0.13398700952529907,0.03560309484601021,0.1459047943353653,0.08007935434579849,0.06161366030573845,0.10710211098194122
strict,1,DDoS-HTTP_Flood,300,0.1183469146490097,0.0834762305021286,0.061263833194971085,0.04373506084084511,0.11473340541124344,0.11889718472957611,0.14882045984268188,0.3107268810272217
strict,1,DDoS-ICMP_Flood,300,0.18308427929878235,0.2687174379825592,0.2148704081773758,0.09105163812637329,0.023134272545576096,0.10036344081163406,0.05542576685547829,0.06335282325744629
strict,1,DDoS-ICMP_Fragmentation,300,0.5137145519256592,0.10716885328292847,0.023608416318893433,0.020109208300709724,0.04317144677042961,0.0411560982465744,0.0885179415345192,0.16255344450473785
strict,1,DDoS-PSHACK_Flood,300,0.11490168422460556,0.38135677576065063,0.10734580457210541,0.10623800754547119,0.05613332241773605,0.10425430536270142,0.050929147750139236,0.0788409486413002
strict,1,DDoS-RSTFINFlood,300,0.2767984867095947,0.11683376133441925,0.04626762121915817,0.07922869175672531,0.2587813138961792,0.03742702677845955,0.15604190528392792,0.028621122241020203
strict,1,DDoS-SYN_Flood,300,0.09421131014823914,0.0944056585431099,0.037010785192251205,0.07094179093837738,0.3188711106777191,0.23258830606937408,0.06227980926632881,0.08969119191169739
strict,1,DDoS-SlowLoris,300,0.1841510832309723,0.28643637895584106,0.04148228093981743,0.03631720691919327,0.15605363249778748,0.07744072377681732,0.12904176115989685,0.0890769436955452
strict,1,DDoS-SynonymousIP_Flood,300,0.14321692287921906,0.12729980051517487,0.05139370262622833,0.05806433781981468,0.20939625799655914,0.15772521495819092,0.10462740808725357,0.14827629923820496
strict,1,DDoS-TCP_Flood,300,0.09377588331699371,0.27091431617736816,0.14014041423797607,0.11302557587623596,0.03642860800027847,0.03864837810397148,0.1352117508649826,0.17185504734516144
strict,1,DDoS-UDP_Flood,300,0.08930855244398117,0.08037678897380829,0.0550527460873127,0.03426076099276543,0.07470833510160446,0.24382925033569336,0.3253050744533539,0.09715845435857773
strict,1,DDoS-UDP_Fragmentation,300,0.15808194875717163,0.16503673791885376,0.0840003713965416,0.03753344342112541,0.048173993825912476,0.11665315926074982,0.11091765016317368,0.27960264682769775
strict,1,DNS_Spoofing,300,0.1908690631389618,0.2915663421154022,0.05592949315905571,0.057542555034160614,0.1524190753698349,0.08108124136924744,0.10685975849628448,0.06373248994350433
strict,1,DictionaryBruteForce,300,0.1567370891571045,0.248684361577034,0.056604690849781036,0.055216722190380096,0.19522567093372345,0.08427688479423523,0.14460621774196625,0.05864840745925903
strict,1,DoS-HTTP_Flood,300,0.0890999585390091,0.06945992261171341,0.05237038433551788,0.050290901213884354,0.26037341356277466,0.1107252687215805,0.12383077293634415,0.24384941160678864
strict,1,DoS-SYN_Flood,300,0.09005546569824219,0.0874805673956871,0.04276280850172043,0.05537458136677742,0.25040993094444275,0.1665259301662445,0.1704045981168747,0.1369861364364624
strict,1,DoS-TCP_Flood,300,0.07563036680221558,0.18311715126037598,0.18088670074939728,0.11099100112915039,0.07444825768470764,0.05916331335902214,0.16239623725414276,0.15336698293685913
strict,1,DoS-UDP_Flood,300,0.08406849950551987,0.07261593639850616,0.056620191782712936,0.02237376570701599,0.05863984674215317,0.21284841001033783,0.38696902990341187,0.10586430877447128
strict,1,MITM-ArpSpoofing,300,0.20174072682857513,0.34777316451072693,0.06855744123458862,0.05037645250558853,0.14700283110141754,0.0681241899728775,0.07799258083105087,0.038432613015174866
strict,1,Mirai-greeth_flood,300,0.1273556351661682,0.3011070787906647,0.08876372128725052,0.040586769580841064,0.055871590971946716,0.07229477912187576,0.21467022597789764,0.09935015439987183
strict,1,Mirai-greip_flood,300,0.13875190913677216,0.24609042704105377,0.11758197844028473,0.04565668851137161,0.05806652456521988,0.0640249103307724,0.18894189596176147,0.1408856362104416
strict,1,Mirai-udpplain,300,0.09549832344055176,0.1418432593345642,0.0787581205368042,0.027614792808890343,0.03145734593272209,0.3665415942668915,0.17640620470046997,0.0818803533911705
strict,1,Recon-HostDiscovery,300,0.17263300716876984,0.20943212509155273,0.06370577216148376,0.06530894339084625,0.2096388041973114,0.09486808627843857,0.1384391039609909,0.04597419872879982
strict,1,Recon-OSScan,300,0.169310063123703,0.2782211899757385,0.06320594996213913,0.057001542299985886,0.1901710331439972,0.08427319675683975,0.11166754364967346,0.04614951089024544
strict,1,Recon-PingSweep,300,0.16474269330501556,0.2833593785762787,0.05680619180202484,0.05216142162680626,0.1872207373380661,0.08096026629209518,0.12242922931909561,0.05232008174061775
strict,1,Recon-PortScan,300,0.15351220965385437,0.24671848118305206,0.06875384598970413,0.07406099140644073,0.2072930932044983,0.08026638627052307,0.11424233019351959,0.05515264347195625
strict,1,SqlInjection,300,0.1336553394794464,0.22371502220630646,0.060866985470056534,0.05474380776286125,0.16906481981277466,0.08346033096313477,0.1977681964635849,0.07672550529241562
strict,1,Uploading_Attack,250,0.15802060067653656,0.20834745466709137,0.08118223398923874,0.06567563116550446,0.16202668845653534,0.07773000746965408,0.15755420923233032,0.08946312963962555
strict,1,VulnerabilityScan,300,0.14198434352874756,0.23008668422698975,0.045250050723552704,0.04495973512530327,0.17343616485595703,0.07550747692584991,0.15739403665065765,0.1313815414905548
strict,1,XSS,300,0.1469683200120926,0.26763179898262024,0.06799736618995667,0.05569363012909889,0.16554467380046844,0.06416509300470352,0.1706320345401764,0.0613669827580452
strict,2,Backdoor_Malware,300,0.06831053644418716,0.19491331279277802,0.03903115540742874,0.025829127058386803,0.15728184580802917,0.098531574010849,0.3663061857223511,0.04979629069566727
strict,2,BenignTraffic,300,0.11643151938915253,0.3207479417324066,0.03816996514797211,0.02955896221101284,0.19037523865699768,0.11423404514789581,0.11245225369930267,0.07803010940551758
strict,2,BrowserHijacking,300,0.09373575448989868,0.30437713861465454,0.04415285214781761,0.03552192077040672,0.19858784973621368,0.0846676155924797,0.18201503157615662,0.05694190785288811
strict,2,CommandInjection,300,0.0716349259018898,0.30760857462882996,0.040383584797382355,0.03297170624136925,0.17068016529083252,0.08440781384706497,0.2441565841436386,0.04815658926963806
strict,2,DDoS-ACK_Fragmentation,300,0.22358451783657074,0.3079316020011902,0.043239444494247437,0.05060732737183571,0.05306338146328926,0.13718107342720032,0.07943184673786163,0.10496082156896591
strict,2,DDoS-HTTP_Flood,300,0.1517350673675537,0.15879221260547638,0.06381934881210327,0.08004764467477798,0.06688089668750763,0.16395942866802216,0.11429620534181595,0.2004692256450653
strict,2,DDoS-ICMP_Flood,300,0.36505988240242004,0.07792124897241592,0.1551935076713562,0.06252887845039368,0.05806351453065872,0.11674943566322327,0.08495371788740158,0.079529769718647
strict,2,DDoS-ICMP_Fragmentation,300,0.28554674983024597,0.10521432757377625,0.12885873019695282,0.03333153948187828,0.12426034361124039,0.10601868480443954,0.15165601670742035,0.06511355191469193
strict,2,DDoS-PSHACK_Flood,300,0.17425738275051117,0.1532737761735916,0.09756288677453995,0.1704886555671692,0.06833015382289886,0.08526794612407684,0.1024617925286293,0.14835742115974426
strict,2,DDoS-RSTFINFlood,300,0.16359280049800873,0.17047852277755737,0.03745683655142784,0.1502012461423874,0.09029258042573929,0.07389740645885468,0.1820029616355896,0.1320776492357254
strict,2,DDoS-SYN_Flood,300,0.11167839169502258,0.1287035346031189,0.044744037091732025,0.19182808697223663,0.28857389092445374,0.025939524173736572,0.02747594751417637,0.18105661869049072
strict,2,DDoS-SlowLoris,300,0.12085985392332077,0.2752666175365448,0.0479072667658329,0.06082728132605553,0.14702466130256653,0.08407700806856155,0.11639541387557983,0.14764194190502167
strict,2,DDoS-SynonymousIP_Flood,300,0.08914964646100998,0.16925044357776642,0.03906767815351486,0.1065540462732315,0.27778565883636475,0.019397808238863945,0.06674674898386002,0.2320479452610016
strict,2,DDoS-TCP_Flood,300,0.15174239873886108,0.2034834623336792,0.10333695262670517,0.06618079543113708,0.05906257405877113,0.10781636834144592,0.056592002511024475,0.25178539752960205
strict,2,DDoS-UDP_Flood,300,0.18966993689537048,0.14445987343788147,0.14506863057613373,0.026222923770546913,0.024159735068678856,0.09043741226196289,0.21198949217796326,0.1679919958114624
strict,2,DDoS-UDP_Fragmentation,300,0.15322555601596832,0.37859871983528137,0.0848616436123848,0.07477954030036926,0.09672736376523972,0.02996036410331726,0.1123204156756401,0.06952636688947678
strict,2,DNS_Spoofing,300,0.1527056097984314,0.31103986501693726,0.03740888461470604,0.02897515892982483,0.14269976317882538,0.09918248653411865,0.1689734309911728,0.05901479721069336
strict,2,DictionaryBruteForce,300,0.09073402732610703,0.25827062129974365,0.047768041491508484,0.04206132888793945,0.18787695467472076,0.0878468006849289,0.22061601281166077,0.06482619792222977
strict,2,DoS-HTTP_Flood,300,0.18048201501369476,0.15589801967144012,0.0961361899971962,0.09387929737567902,0.10857493430376053,0.07978589832782745,0.08250439167022705,0.20273922383785248
strict,2,DoS-SYN_Flood,300,0.12425263226032257,0.16722221672534943,0.04678567871451378,0.10062509775161743,0.2408972680568695,0.031506557017564774,0.08440618962049484,0.20430435240268707
strict,2,DoS-TCP_Flood,300,0.09579890966415405,0.2603081166744232,0.15794622898101807,0.07258822023868561,0.07976385205984116,0.061574965715408325,0.06329788267612457,0.20872178673744202
strict,2,DoS-UDP_Flood,300,0.2055433839559555,0.1696651726961136,0.13431793451309204,0.019065026193857193,0.02625780738890171,0.10826682299375534,0.17644235491752625,0.16044147312641144
strict,2,MITM-ArpSpoofing,300,0.17203634977340698,0.33426156640052795,0.03901974856853485,0.029460981488227844,0.15476323664188385,0.11251535266637802,0.09906607866287231,0.058876700699329376
strict,2,Mirai-greeth_flood,300,0.21566614508628845,0.18163324892520905,0.13166148960590363,0.022054139524698257,0.1136641874909401,0.08232087641954422,0.19909584522247314,0.053904108703136444
strict,2,Mirai-greip_flood,300,0.22229477763175964,0.19529342651367188,0.13171060383319855,0.022374343127012253,0.10521753877401352,0.08690445870161057,0.18147516250610352,0.054729610681533813
strict,2,Mirai-udpplain,300,0.17075343430042267,0.2838512659072876,0.1617266982793808,0.03928375989198685,0.09263349324464798,0.11197935789823532,0.0494636595249176,0.09030834585428238
strict,2,Recon-HostDiscovery,300,0.08307661861181259,0.1981840878725052,0.05193137004971504,0.05932445079088211,0.1819632649421692,0.09980569034814835,0.2657667100429535,0.05994786322116852
strict,2,Recon-OSScan,300,0.11395978182554245,0.24773214757442474,0.04134601727128029,0.04632497578859329,0.18228815495967865,0.0943106934428215,0.20092445611953735,0.07311376184225082
strict,2,Recon-PingSweep,300,0.1387912631034851,0.21754297614097595,0.04504673555493355,0.03165959194302559,0.17375844717025757,0.10259902477264404,0.23544515669345856,0.05515681207180023
strict,2,Recon-PortScan,300,0.12521813809871674,0.18864254653453827,0.05097081512212753,0.05687522888183594,0.19365984201431274,0.09895800799131393,0.21679902076721191,0.06887637078762054
strict,2,SqlInjection,300,0.07011432200670242,0.16296447813510895,0.03509877622127533,0.025736622512340546,0.16830098628997803,0.09122130274772644,0.3921777606010437,0.0543857142329216
strict,2,Uploading_Attack,250,0.07168587297201157,0.21691417694091797,0.050557345151901245,0.03066452592611313,0.18876248598098755,0.0994831994175911,0.29387760162353516,0.04805482551455498
strict,2,VulnerabilityScan,300,0.11123362183570862,0.209745392203331,0.058037713170051575,0.03977503255009651,0.21255528926849365,0.06416209787130356,0.1878107786178589,0.11668015271425247
strict,2,XSS,300,0.06330200284719467,0.22162802517414093,0.038552604615688324,0.03265223279595375,0.17517928779125214,0.09200584143400192,0.325872004032135,0.05080794543027878
