setting,seed,model,macro_f1_unique,macro_f1_records,mcc,normal_fpr,test_seen_in_train,params,flops
strict,0,LightGBM,71.18,71.09,0.8025,27.117,0.0,,
strict,0,MLP,68.07,68.03,0.7697,24.6,0.0,28834.0,57088.0
strict,0,FTTransformer,66.1,66.05,0.7455,30.55,0.0,21186.0,1509504.0
strict,0,PALT,70.1,70.1,0.7882,28.417,0.0,27074.0,414016.0
strict,1,LightGBM,70.98,70.93,0.7994,25.967,0.0,,
strict,1,MLP,68.05,67.96,0.7688,25.567,0.0,28834.0,57088.0
strict,1,FTTransformer,66.2,66.12,0.7466,27.7,0.0,21186.0,1509504.0
strict,1,PALT,68.76,68.71,0.7705,30.667,0.0,27074.0,414016.0
strict,2,LightGBM,71.27,71.23,0.8015,26.267,0.0,,
strict,2,MLP,67.22,67.16,0.7577,24.55,0.0,28834.0,57088.0
strict,2,FTTransformer,66.31,66.24,0.7467,27.65,0.0,21186.0,1509504.0
strict,2,PALT,68.21,68.16,0.7631,27.817,0.0,27074.0,414016.0
