,,,macro_f1,macro_f1,macro_f1_unique,macro_f1_unique,macro_f1_novel,macro_f1_novel,mcc,mcc,balanced_acc,balanced_acc,normal_fpr,normal_fpr
,,,mean,std,mean,std,mean,std,mean,std,mean,std,mean,std
split,features,model,,,,,,,,,,,,
random,strict,CatBoost,55.66,8.46,70.5,0.69,,,0.34,0.07,63.41,13.59,79.67,5.5
random,strict,MLP-PLR,61.82,12.31,74.83,0.58,,,0.42,0.13,70.24,15.42,65.07,23.6
random,strict,PALT-FullAttn,56.35,14.27,70.13,3.23,,,0.35,0.19,63.06,18.01,71.72,19.25
random,strict,PALT-NoLocal,53.22,10.56,67.84,2.55,,,0.33,0.08,59.59,15.01,79.62,5.52
random,strict,PALT-RandGroup,51.55,15.21,68.92,2.52,,,0.33,0.12,56.16,16.09,76.06,4.05
random,strict,PALT-ZeroAbsent,57.77,11.56,69.84,2.9,,,0.42,0.1,64.24,15.06,61.53,20.35
random,strict,RandomForest,66.15,14.72,83.56,3.01,,,0.6,0.16,69.99,16.22,26.25,17.06
random,strict,XGBoost,66.75,14.97,79.75,0.85,,,0.55,0.23,72.96,17.46,44.34,31.28
temporal,strict,CatBoost,74.88,0.77,71.94,0.62,,,0.96,0.0,83.4,0.41,0.74,0.02
temporal,strict,MLP-PLR,76.75,3.68,73.47,4.1,,,0.97,0.01,85.61,1.3,0.25,0.2
temporal,strict,PALT-FullAttn,66.81,6.11,64.61,4.83,,,0.94,0.02,73.98,7.57,0.28,0.28
temporal,strict,PALT-NoLocal,70.3,8.58,68.53,6.98,,,0.94,0.03,77.38,8.89,0.27,0.3
temporal,strict,PALT-RandGroup,68.4,4.83,66.19,4.3,,,0.94,0.02,77.54,5.81,0.29,0.26
temporal,strict,PALT-ZeroAbsent,70.74,4.89,67.67,4.13,,,0.95,0.01,79.59,5.83,0.08,0.05
temporal,strict,RandomForest,82.03,0.11,80.77,0.16,,,0.96,0.0,81.54,0.03,0.05,0.0
temporal,strict,XGBoost,77.94,0.0,78.78,0.0,,,0.97,0.0,83.41,0.0,0.06,0.0
