split,features,seed,model,macro_f1_novel,macro_f1,macro_f1_unique,mcc,balanced_acc,normal_fpr,params,flops
random,strict,0,XGBoost,,76.37,81.09,0.8841,78.22,0.028,,
random,strict,0,CatBoost,,58.28,70.18,0.3697,61.02,82.016,,
random,strict,0,RandomForest,,68.89,81.36,0.8387,71.75,0.022,,
random,strict,0,MLP-PLR,,63.44,74.28,0.3869,68.83,81.976,123279.0,235264.0
random,strict,0,PALT-RandGroup,,55.13,68.48,0.3433,55.06,81.985,34575.0,412416.0
random,strict,0,PALT-NoLocal,,54.82,65.87,0.3547,55.46,81.982,34543.0,372032.0
random,strict,0,PALT-FullAttn,,57.69,70.21,0.3634,61.18,81.979,34543.0,412352.0
random,strict,0,PALT-ZeroAbsent,,52.89,66.54,0.3422,51.99,81.997,34543.0,412352.0
random,strict,1,XGBoost,,43.87,78.73,0.2627,47.06,75.037,,
random,strict,1,CatBoost,,46.13,71.66,0.272,47.92,76.474,,
random,strict,1,RandomForest,,45.63,82.8,0.4001,47.67,39.176,,
random,strict,1,MLP-PLR,,51.64,75.67,0.4138,54.07,40.551,123279.0,235264.0
random,strict,1,PALT-RandGroup,,30.38,66.51,0.1653,36.67,76.376,34543.0,412352.0
random,strict,1,PALT-NoLocal,,40.09,66.53,0.2494,44.38,76.41,34543.0,372032.0
random,strict,1,PALT-FullAttn,,36.29,64.55,0.076,39.11,73.783,34543.0,412352.0
random,strict,1,PALT-ZeroAbsent,,44.26,67.56,0.3958,50.14,40.575,34543.0,412352.0
random,strict,2,XGBoost,,79.6,79.49,0.6182,90.46,37.111,,
random,strict,2,CatBoost,,63.48,70.35,0.4052,77.83,75.758,,
random,strict,2,RandomForest,,83.41,88.85,0.6132,87.42,37.083,,
random,strict,2,MLP-PLR,,78.59,75.17,0.6078,89.63,38.816,123279.0,235264.0
random,strict,2,PALT-RandGroup,,61.02,71.43,0.3686,63.82,75.676,34543.0,412352.0
random,strict,2,PALT-NoLocal,,67.17,72.19,0.4266,79.97,75.669,34543.0,372032.0
random,strict,2,PALT-FullAttn,,74.2,72.28,0.592,83.09,38.819,34543.0,412352.0
random,strict,2,PALT-ZeroAbsent,,74.96,72.33,0.596,83.87,38.821,34543.0,412352.0
random,strict,3,XGBoost,,74.55,79.63,0.4957,84.78,73.978,,
random,strict,3,CatBoost,,63.19,69.86,0.4154,76.95,75.782,,
random,strict,3,RandomForest,,74.8,82.22,0.6009,82.57,37.188,,
random,strict,3,MLP-PLR,,67.34,74.67,0.4352,81.78,75.709,123279.0,235264.0
random,strict,3,PALT-RandGroup,,68.68,71.64,0.4882,78.63,75.709,34543.0,412352.0
random,strict,3,PALT-NoLocal,,58.09,66.61,0.3738,69.97,75.728,34543.0,372032.0
random,strict,3,PALT-FullAttn,,63.52,71.45,0.4311,78.25,75.717,34543.0,412352.0
random,strict,3,PALT-ZeroAbsent,,62.37,69.57,0.4137,76.26,75.717,34543.0,412352.0
random,strict,4,XGBoost,,59.38,79.79,0.4717,64.28,35.534,,
random,strict,4,CatBoost,,47.24,70.45,0.2624,53.34,88.331,,
random,strict,4,RandomForest,,58.04,82.55,0.5627,60.55,17.775,,
random,strict,4,MLP-PLR,,48.09,74.37,0.238,56.87,88.292,123279.0,235264.0
random,strict,4,PALT-RandGroup,,42.55,66.55,0.265,46.62,70.56,34543.0,412352.0
random,strict,4,PALT-NoLocal,,45.95,68.0,0.2301,48.19,88.298,34543.0,372032.0
random,strict,4,PALT-FullAttn,,50.03,72.17,0.3014,53.69,88.294,34543.0,412352.0
random,strict,4,PALT-ZeroAbsent,,54.36,73.2,0.3424,58.92,70.558,34543.0,412352.0
temporal,strict,0,XGBoost,,77.94,78.78,0.9706,83.41,0.058,,
temporal,strict,0,CatBoost,,74.51,71.86,0.9554,83.13,0.704,,
temporal,strict,0,RandomForest,,81.99,80.7,0.9636,81.53,0.046,,
temporal,strict,0,MLP-PLR,,76.43,72.67,0.9681,85.93,0.338,123279.0,235264.0
temporal,strict,0,PALT-RandGroup,,68.1,66.88,0.9465,76.92,0.319,34575.0,412416.0
temporal,strict,0,PALT-NoLocal,,68.48,66.09,0.9465,76.27,0.077,34543.0,372032.0
temporal,strict,0,PALT-FullAttn,,63.04,61.57,0.9273,69.29,0.164,34543.0,412352.0
temporal,strict,0,PALT-ZeroAbsent,,63.21,61.03,0.9352,71.19,0.164,34543.0,412352.0
temporal,strict,1,XGBoost,,77.94,78.78,0.9706,83.41,0.058,,
temporal,strict,1,CatBoost,,74.87,71.76,0.9569,83.64,0.746,,
temporal,strict,1,RandomForest,,82.14,80.95,0.964,81.58,0.046,,
temporal,strict,1,MLP-PLR,,79.89,77.01,0.9721,86.4,0.042,123279.0,235264.0
temporal,strict,1,PALT-RandGroup,,76.01,72.93,0.9622,84.9,0.06,34543.0,412352.0
temporal,strict,1,PALT-NoLocal,,60.46,60.77,0.91,64.24,0.704,34543.0,372032.0
temporal,strict,1,PALT-FullAttn,,59.95,59.38,0.9168,64.82,0.704,34543.0,412352.0
temporal,strict,1,PALT-ZeroAbsent,,68.8,66.66,0.9465,76.11,0.06,34543.0,412352.0
temporal,strict,2,XGBoost,,77.94,78.78,0.9706,83.41,0.058,,
temporal,strict,2,CatBoost,,75.76,71.95,0.9584,82.85,0.754,,
temporal,strict,2,RandomForest,,82.13,80.94,0.9639,81.56,0.046,,
temporal,strict,2,MLP-PLR,,76.05,72.16,0.9669,86.04,0.319,123279.0,235264.0
temporal,strict,2,PALT-RandGroup,,68.27,64.42,0.9495,81.81,0.312,34543.0,412352.0
temporal,strict,2,PALT-NoLocal,,64.24,64.07,0.9234,75.06,0.491,34543.0,372032.0
temporal,strict,2,PALT-FullAttn,,68.12,65.13,0.9381,74.93,0.073,34543.0,412352.0
temporal,strict,2,PALT-ZeroAbsent,,74.8,70.7,0.9636,84.72,0.051,34543.0,412352.0
temporal,strict,3,XGBoost,,77.94,78.78,0.9706,83.41,0.058,,
temporal,strict,3,CatBoost,,75.44,72.92,0.9585,83.89,0.746,,
temporal,strict,3,RandomForest,,81.9,80.6,0.9635,81.51,0.046,,
temporal,strict,3,MLP-PLR,,80.25,77.82,0.975,86.37,0.055,123279.0,235264.0
temporal,strict,3,PALT-RandGroup,,66.96,65.48,0.9241,73.03,0.055,34543.0,412352.0
temporal,strict,3,PALT-NoLocal,,78.78,75.03,0.9679,85.62,0.051,34543.0,372032.0
temporal,strict,3,PALT-FullAttn,,66.85,64.82,0.941,76.0,0.425,34543.0,412352.0
temporal,strict,3,PALT-ZeroAbsent,,74.85,71.28,0.9614,84.38,0.055,34543.0,412352.0
temporal,strict,4,XGBoost,,77.94,78.78,0.9706,83.41,0.058,,
temporal,strict,4,CatBoost,,73.8,71.22,0.956,83.47,0.743,,
temporal,strict,4,RandomForest,,81.97,80.67,0.9636,81.53,0.046,,
temporal,strict,4,MLP-PLR,,71.13,67.69,0.955,83.32,0.516,123279.0,235264.0
temporal,strict,4,PALT-RandGroup,,62.64,61.25,0.918,71.05,0.697,34543.0,412352.0
temporal,strict,4,PALT-NoLocal,,79.56,76.69,0.9678,85.7,0.049,34543.0,372032.0
temporal,strict,4,PALT-FullAttn,,76.09,72.13,0.9645,84.86,0.053,34543.0,412352.0
temporal,strict,4,PALT-ZeroAbsent,,72.02,68.66,0.9557,81.54,0.058,34543.0,412352.0
