profile,model,th,size_kb,p50,p99,p99ci,rss,cg,load,err,syn
OrinNano-class,CNN1D.onnx,6t,27.2626953125,0.017657599999409967,0.03595423599973204,0.0016328692904791348,54.25390625,72.5078125,44.78538800000109,,
OrinNano-class,CNN1D.onnx,1t,27.2626953125,0.01203140000072267,0.02488807200074918,0.0009493493431913243,55.50390625,73.640625,2.3149569999993957,,
OrinNano-class,CNN1D_int8dyn.onnx,6t,16.0,0.03584090000110507,0.06916417999977403,0.010830494249992684,56.66796875,74.58984375,13.460940000001642,,
OrinNano-class,CNN1D_int8dyn.onnx,1t,16.0,0.026592399999003646,0.041526231999647244,0.0010734353737027007,56.79296875,74.58984375,3.4813120000016795,,
OrinNano-class,CNN1D_int8static.onnx,6t,23.3544921875,0.027608999999984007,0.0727430480002696,0.014660979902818222,57.16796875,74.58984375,18.042961000002578,,
OrinNano-class,CNN1D_int8static.onnx,1t,23.3544921875,0.01861859999969795,0.0324176119999109,0.000494548632306252,57.29296875,74.58984375,3.7449709999997083,,
OrinNano-class,FTTransformer.onnx,6t,162.556640625,0.15754129999940858,0.37508301200164634,0.054805901909242574,57.91796875,75.23828125,26.99966200000148,,
OrinNano-class,FTTransformer.onnx,1t,162.556640625,0.08776739999802885,0.14908990599849425,0.019787300588402525,58.29296875,75.54296875,12.99305300000242,,
OrinNano-class,FTTransformer_int8dyn.onnx,6t,122.73046875,0.15565810000097713,0.3366237739996764,0.038349550571859875,58.41796875,76.09765625,34.46066999999431,,
OrinNano-class,FTTransformer_int8dyn.onnx,1t,122.73046875,0.08862199999910558,0.15633425799973127,0.014320388511057313,58.66796875,76.09765625,16.005456000002027,,
OrinNano-class,FTTransformer_int8static.onnx,6t,161.84765625,0.2127981000015211,0.4957696239997923,0.04869870559454756,58.79296875,76.25,31.833857999998827,,
OrinNano-class,FTTransformer_int8static.onnx,1t,161.84765625,0.13243890000040892,0.23861580800075916,0.03478627997865592,59.16796875,76.36328125,21.637869000002752,,
OrinNano-class,MLP.onnx,6t,119.416015625,0.008291999998277788,0.015742356002817853,0.0015023839998897254,59.16796875,76.36328125,11.51069899999868,,
OrinNano-class,MLP.onnx,1t,119.416015625,0.007412999997313818,0.014449682001782113,0.0017010115596773334,59.16796875,76.36328125,2.522908000003099,,
OrinNano-class,MLP_int8dyn.onnx,6t,39.9609375,0.009849999997868508,0.021210183999158982,0.0017833937174691937,59.16796875,76.36328125,16.457730999988485,,
OrinNano-class,MLP_int8dyn.onnx,1t,39.9609375,0.009021900001471295,0.017516116003207585,0.0013579656324434336,59.16796875,76.36328125,2.6960790000032375,,
OrinNano-class,MLP_int8static.onnx,6t,54.921875,0.015707400001474525,0.029082011998923473,0.0030157164732801315,59.16796875,76.36328125,15.003723999996055,,
OrinNano-class,MLP_int8static.onnx,1t,54.921875,0.01464710000220748,0.02637941199702709,0.00047349912465618154,59.16796875,76.36328125,3.4444450000137294,,
OrinNano-class,PALT-KD.onnx,6t,189.0400390625,0.134117699998626,0.35208085199960254,0.05149623395945305,59.29296875,76.9296875,29.279392999995935,,
OrinNano-class,PALT-KD.onnx,1t,189.0400390625,0.06789380000071787,0.12102293600111129,0.01917323872317963,59.29296875,76.9296875,16.77457699999252,,
OrinNano-class,PALT-KD_int8dyn.onnx,6t,144.130859375,0.14923250000009602,0.3692245299946824,0.07719839878117504,59.54296875,77.14453125,39.25444200000072,,
OrinNano-class,PALT-KD_int8dyn.onnx,1t,144.130859375,0.09103200000026845,0.14526028599840407,0.0030131751317037767,59.79296875,77.14453125,22.060561999992956,,
OrinNano-class,PALT-KD_int8static.onnx,6t,191.5419921875,0.17051789999982248,0.4519733520071165,0.055882519287699293,60.16796875,77.46875,50.96522299999151,,
OrinNano-class,PALT-KD_int8static.onnx,1t,191.5419921875,0.1033214000017324,0.19876896200210598,0.04015759207568559,60.54296875,77.69140625,34.30904299999327,,
OrinNano-class,PALT-Teacher.onnx,6t,3120.4462890625,0.43358609999870623,1.0261334100026436,0.05234370789628375,65.91796875,82.7109375,73.05484799999817,,
OrinNano-class,PALT-Teacher.onnx,1t,3120.4462890625,0.28635809999855155,0.504405340000517,0.027057737666359282,66.76953125,83.90625,41.31309199999578,,
OrinNano-class,PALT-Teacher_int8dyn.onnx,6t,993.8076171875,0.5314878999996608,1.1734417220006326,0.04239921009820969,66.76953125,84.28515625,58.93628600000511,,
OrinNano-class,PALT-Teacher_int8dyn.onnx,1t,993.8076171875,0.31423200000233464,0.5313966379981143,0.014869439649695726,66.76953125,84.28515625,39.04379100001165,,
OrinNano-class,PALT-Teacher_int8static.onnx,6t,1149.9453125,0.8349109000050703,1.7722831120020721,0.03695857795468813,66.76953125,84.53515625,101.45243700000606,,
OrinNano-class,PALT-Teacher_int8static.onnx,1t,1149.9453125,0.5306323999974438,0.8642904160063271,0.03978759452791776,66.76953125,84.53515625,63.324260000001686,,
OrinNano-class,PALT.onnx,6t,189.0400390625,0.1353078000079222,0.302195414011181,0.05840009927822465,66.76953125,84.55859375,38.21465300001137,,
OrinNano-class,PALT.onnx,1t,189.0400390625,0.06841559999202218,0.11161096601426843,0.004103575417485786,66.76953125,84.55859375,17.204394999964734,,
OrinNano-class,PALT_int8dyn.onnx,6t,144.130859375,0.15217550000556912,0.333857044014508,0.03396624331818591,66.76953125,84.55859375,69.06887899998537,,
OrinNano-class,PALT_int8dyn.onnx,1t,144.130859375,0.0913287000003038,0.16085849799185348,0.015676565048104777,66.76953125,84.55859375,22.80617200000279,,
OrinNano-class,PALT_int8static.onnx,6t,191.533203125,0.17141280000032566,0.4271565239870376,0.06166439805241938,66.76953125,84.55859375,52.456771000038316,,
OrinNano-class,PALT_int8static.onnx,1t,191.533203125,0.10348580000822949,0.17881100198212616,0.01265539388028874,66.76953125,84.55859375,33.1952359999832,,
OrinNano-class,LightGBM.lgb.txt,6t,5755.349609375,0.046063799999274124,0.1351830920041269,0.013838928243291512,107.73046875,136.49609375,53.23049600002605,,
OrinNano-class,LightGBM.lgb.txt,1t,5755.349609375,0.03829789999372224,0.09178086400288528,0.007746471743188551,113.9453125,143.671875,53.109511000002385,,
RPi4-class,CNN1D.onnx,4t,27.2626953125,0.015041899996504071,0.03261464600336697,0.0019008625759009113,55.30859375,28.4609375,12.70033000002968,,
RPi4-class,CNN1D.onnx,1t,27.2626953125,0.01202640000883548,0.022975817999508773,0.0005093458060464622,56.55859375,29.6328125,2.2596219999968525,,
RPi4-class,CNN1D_int8dyn.onnx,4t,16.0,0.03376439998987735,0.058867360011618144,0.004411010448587936,57.84765625,30.2890625,15.638629000022775,,
RPi4-class,CNN1D_int8dyn.onnx,1t,16.0,0.02652690000104485,0.04295162398886988,0.002697613106885977,57.97265625,30.2890625,3.6976979999963078,,
RPi4-class,CNN1D_int8static.onnx,4t,23.3544921875,0.024057199988192224,0.05052290401681605,0.007045101925663293,58.09765625,30.78515625,8.598810999956186,,
RPi4-class,CNN1D_int8static.onnx,1t,23.3544921875,0.0186112999983834,0.03238202999932583,0.0014576988663629093,58.22265625,30.78515625,3.652371999976367,,
RPi4-class,FTTransformer.onnx,4t,162.556640625,0.12764329999868096,0.2856104079994569,0.03734389553829718,58.84765625,31.31640625,23.974215000009735,,
RPi4-class,FTTransformer.onnx,1t,162.556640625,0.087228999996114,0.13897229599967892,0.005299754662239642,59.22265625,31.40234375,13.51955600000565,,
RPi4-class,FTTransformer_int8dyn.onnx,4t,122.73046875,0.13378160000456774,0.2849830399795798,0.021945884324147943,59.22265625,31.70703125,24.213583999994626,,
RPi4-class,FTTransformer_int8dyn.onnx,1t,122.73046875,0.09151420000534927,0.14897145399288553,0.016562565063472253,59.59765625,31.79296875,17.138126000020293,,
RPi4-class,FTTransformer_int8static.onnx,4t,161.84765625,0.17746729998862065,0.38840820600853493,0.06951478360153528,59.59765625,32.09765625,33.88092199998027,,
RPi4-class,FTTransformer_int8static.onnx,1t,161.84765625,0.13180820000116,0.2110489380017953,0.007263397489339855,59.97265625,32.234375,23.00047099998892,,
RPi4-class,MLP.onnx,4t,119.416015625,0.00828500000125132,0.01618832799726989,0.001441200413749923,59.97265625,32.234375,9.407402000022103,,
RPi4-class,MLP.onnx,1t,119.416015625,0.007368700011056717,0.0144273680028846,0.0013563927552099379,59.97265625,32.234375,2.449957000010272,,
RPi4-class,MLP_int8dyn.onnx,4t,39.9609375,0.009842200006460189,0.020399318003796935,0.0014669952786029179,59.97265625,32.46875,7.609059000003526,,
RPi4-class,MLP_int8dyn.onnx,1t,39.9609375,0.009033199989971763,0.018651577991477104,0.0008029982693909498,59.97265625,32.46875,3.123829999992722,,
RPi4-class,MLP_int8static.onnx,4t,54.921875,0.01565299999697345,0.02898705398695256,0.002729351609672956,59.97265625,32.46875,10.106710000002295,,
RPi4-class,MLP_int8static.onnx,1t,54.921875,0.014624599998569465,0.036036643991678864,0.017090467969961227,59.97265625,32.46875,3.2057089999852906,,
RPi4-class,PALT-KD.onnx,4t,189.0400390625,0.10195650000355272,0.21506662600620546,0.013091066568388092,59.97265625,32.5703125,26.660617999993974,,
RPi4-class,PALT-KD.onnx,1t,189.0400390625,0.06890160001375989,0.11226387597525904,0.0039287316400534854,60.09765625,32.5703125,17.351733999987573,,
RPi4-class,PALT-KD_int8dyn.onnx,4t,144.130859375,0.12596230000667674,0.2894124999886576,0.05791643630300109,60.22265625,32.9453125,37.52019399996698,,
RPi4-class,PALT-KD_int8dyn.onnx,1t,144.130859375,0.09080449999601115,0.15984850801362435,0.022421881978649524,60.59765625,32.9453125,22.78495699999894,,
RPi4-class,PALT-KD_int8static.onnx,4t,191.5419921875,0.14134920000401507,0.31619522998630634,0.02684059138962109,60.84765625,32.9453125,47.88357799998266,,
RPi4-class,PALT-KD_int8static.onnx,1t,191.5419921875,0.10381020000522767,0.1864870179903165,0.01512027968220139,61.22265625,33.09765625,34.37630899998112,,
RPi4-class,PALT-Teacher.onnx,4t,3120.4462890625,0.31548929999303255,0.8808881300240049,0.10441176371050702,66.47265625,38.2734375,53.24516000001722,,
RPi4-class,PALT-Teacher.onnx,1t,3120.4462890625,0.2847766000002139,0.4816746800105423,0.02483155684209666,67.41796875,39.76953125,39.57550299998047,,
RPi4-class,PALT-Teacher_int8dyn.onnx,4t,993.8076171875,0.4348192999998446,1.0475149319991044,0.019051080742761045,67.41796875,39.90234375,51.3666159999957,,
RPi4-class,PALT-Teacher_int8dyn.onnx,1t,993.8076171875,0.3169196000158081,0.5250106240082463,0.029969080338614236,67.41796875,39.90234375,39.80357599994022,,
RPi4-class,PALT-Teacher_int8static.onnx,4t,1149.9453125,0.6832767000105378,1.5217333860352948,0.10199591641790313,67.41796875,40.078125,76.59957300006681,,
RPi4-class,PALT-Teacher_int8static.onnx,1t,1149.9453125,0.5267323999987639,0.8246423000034613,0.03421680695149305,67.41796875,40.078125,65.15209300005154,,
RPi4-class,PALT.onnx,4t,189.0400390625,0.10333960003663378,0.20637194999972083,0.00952536954743375,67.41796875,40.078125,26.053906999891296,,
RPi4-class,PALT.onnx,1t,189.0400390625,0.06873340001902761,0.11664021604656241,0.004113555108556623,67.41796875,40.078125,16.61048000005394,,
RPi4-class,PALT_int8dyn.onnx,4t,144.130859375,0.12459029999263294,0.28596472000049333,0.04612517224878283,67.41796875,40.1171875,27.317051999943942,,
RPi4-class,PALT_int8dyn.onnx,1t,144.130859375,0.09236760000703725,0.18182909197594213,0.0504799883312591,67.41796875,40.1171875,21.474769000064953,,
RPi4-class,PALT_int8static.onnx,4t,191.533203125,0.14713010000377835,0.530638173975604,0.1526305538674993,67.41796875,40.1171875,51.08167900004901,,
RPi4-class,PALT_int8static.onnx,1t,191.533203125,0.10545529997898484,0.2066907220139457,0.019484209376010007,67.41796875,40.1171875,35.09599400001662,,
RPi4-class,LightGBM.lgb.txt,4t,5755.349609375,0.046180000003914756,0.13315602798729764,0.017731625449016967,108.4609375,73.53125,46.328944000038064,,
RPi4-class,LightGBM.lgb.txt,1t,5755.349609375,0.03928330000917413,0.09891750201222753,0.014860873232301137,113.8984375,77.859375,44.91797100001804,,
Gateway-class,CNN1D.onnx,2t,27.2626953125,0.01282739998487159,0.025154509993171825,0.0007117905843560226,55.55859375,28.125,4.6361440000737275,,
Gateway-class,CNN1D.onnx,1t,27.2626953125,0.011879900000622001,0.023578810016260852,0.0006105094405855011,56.80859375,29.30078125,2.331592000018645,,
Gateway-class,CNN1D_int8dyn.onnx,2t,16.0,0.02891139999974257,0.05269833598936206,0.004546240764203725,58.0390625,30.0078125,3.239054000005126,,
Gateway-class,CNN1D_int8dyn.onnx,1t,16.0,0.02727440000853676,0.06146542001147286,0.017286000445828818,58.1640625,30.2578125,3.2067910000250777,,
Gateway-class,CNN1D_int8static.onnx,2t,23.3544921875,0.021181799979785865,0.05244548801238132,0.012060839322612342,58.2890625,30.2578125,4.08303500000784,,
Gateway-class,CNN1D_int8static.onnx,1t,23.3544921875,0.018539800021244446,0.035409646005973655,0.002931977021911342,58.4140625,30.2578125,3.5180959999934203,,
Gateway-class,FTTransformer.onnx,2t,162.556640625,0.1055284000130996,0.2432726919921607,0.050791824939083643,58.69140625,30.34765625,13.096962999952666,,
Gateway-class,FTTransformer.onnx,1t,162.556640625,0.08723529998633239,0.15682053196246679,0.01084726949168584,59.31640625,30.7890625,12.713867999991635,,
Gateway-class,FTTransformer_int8dyn.onnx,2t,122.73046875,0.11026279996713129,0.19638978800594492,0.014233400559884701,59.31640625,30.984375,17.086265999978423,,
Gateway-class,FTTransformer_int8dyn.onnx,1t,122.73046875,0.08841669998673751,0.1415910820196587,0.0046432212262111795,59.56640625,31.23046875,16.793092000057186,,
Gateway-class,FTTransformer_int8static.onnx,2t,161.84765625,0.15267800000628995,0.26758672398727906,0.031077613487472896,59.56640625,31.23046875,22.46754999998757,,
Gateway-class,FTTransformer_int8static.onnx,1t,161.84765625,0.13068490000023303,0.22655352002243498,0.03055748530747573,60.06640625,31.671875,21.443645000090328,,
Gateway-class,MLP.onnx,2t,119.416015625,0.007423999988986907,0.013297466007088593,0.0011688249845748847,60.06640625,31.671875,2.620901000000231,,
Gateway-class,MLP.onnx,1t,119.416015625,0.007339399985539785,0.01435893201892215,0.0014485232089850963,60.06640625,31.671875,2.3634910000964737,,
Gateway-class,MLP_int8dyn.onnx,2t,39.9609375,0.009116799992625602,0.017424655997501776,0.0018609593796829749,60.06640625,31.671875,2.7081130000397025,,
Gateway-class,MLP_int8dyn.onnx,1t,39.9609375,0.009014799991291511,0.01755691602761545,0.0009028428503057841,60.06640625,31.671875,2.697692000083407,,
Gateway-class,MLP_int8static.onnx,2t,54.921875,0.014730399993823085,0.02739599397727944,0.0011045530134748793,60.06640625,31.671875,3.3699649999334724,,
Gateway-class,MLP_int8static.onnx,1t,54.921875,0.014574300007552665,0.026227237991406593,0.0005624749988807004,60.06640625,31.671875,3.162076999956298,,
Gateway-class,PALT-KD.onnx,2t,189.0400390625,0.08312899999509682,0.1602917119903398,0.026793692525801764,60.06640625,31.671875,17.11676599995826,,
Gateway-class,PALT-KD.onnx,1t,189.0400390625,0.06866660002060598,0.11891907402400662,0.009828207935697157,60.31640625,31.8203125,16.011940999987928,,
Gateway-class,PALT-KD_int8dyn.onnx,2t,144.130859375,0.10058110001409659,0.17358513600265735,0.008988396431455468,60.31640625,32.0234375,23.07703200006017,,
Gateway-class,PALT-KD_int8dyn.onnx,1t,144.130859375,0.09085799998729271,0.1652163279563866,0.019854580842158895,60.56640625,32.21875,20.559069999990243,,
Gateway-class,PALT-KD_int8static.onnx,2t,191.5419921875,0.11520460001293031,0.2186369720147924,0.038410546877697405,60.81640625,32.5,34.30586199999652,,
Gateway-class,PALT-KD_int8static.onnx,1t,191.5419921875,0.10265950003258695,0.17887094194611572,0.014813211660585256,61.19140625,32.7421875,34.23218500006442,,
Gateway-class,PALT-Teacher.onnx,2t,3120.4462890625,0.30023540001593574,0.6199583379816435,0.1167171503867152,66.44140625,37.9921875,44.04745199997251,,
Gateway-class,PALT-Teacher.onnx,1t,3120.4462890625,0.30020589999821823,0.6404504520123739,0.06287761500292233,67.21484375,38.8515625,41.282100999978866,,
Gateway-class,PALT-Teacher_int8dyn.onnx,2t,993.8076171875,0.3969731999859505,0.9178868959741078,0.15557485153482406,67.21484375,39.08984375,56.02265899995018,,
Gateway-class,PALT-Teacher_int8dyn.onnx,1t,993.8076171875,0.3147427000044445,0.5537469420260097,0.034913854615289466,67.21484375,39.08984375,38.633725999943636,,
Gateway-class,PALT-Teacher_int8static.onnx,2t,1149.9453125,0.5778244999987692,0.994337959984706,0.10644453337651752,67.21484375,39.08984375,68.92795900000692,,
Gateway-class,PALT-Teacher_int8static.onnx,1t,1149.9453125,0.529714200001763,0.8542116780170093,0.0607009320521039,67.21484375,39.08984375,63.305691999971714,,
Gateway-class,PALT.onnx,2t,189.0400390625,0.08296649997419081,0.15618631399252086,0.027891622495681195,67.33984375,39.08984375,24.673850999988645,,
Gateway-class,PALT.onnx,1t,189.0400390625,0.06803129998615987,0.12471257403080935,0.022095651513783194,67.33984375,39.08984375,16.264696999996886,,
Gateway-class,PALT_int8dyn.onnx,2t,144.130859375,0.10214420001375402,0.18018332199835652,0.0069704532755325375,67.33984375,39.08984375,27.3840370000471,,
Gateway-class,PALT_int8dyn.onnx,1t,144.130859375,0.09119379999447119,0.1697480400096085,0.028422379887223383,67.33984375,39.08984375,20.86724100001902,,
Gateway-class,PALT_int8static.onnx,2t,191.533203125,0.1189481999972486,0.24740444198869233,0.05144245997964271,67.33984375,39.08984375,42.05464500000744,,
Gateway-class,PALT_int8static.onnx,1t,191.533203125,0.10358469997981956,0.182775922010933,0.021254411540353027,67.33984375,39.08984375,32.62624399997094,,
Gateway-class,LightGBM.lgb.txt,2t,5755.349609375,0.039507599979060615,0.09319334402084684,0.00649461924791079,108.66796875,73.15234375,57.13757399996666,,
Gateway-class,LightGBM.lgb.txt,1t,5755.349609375,0.036913000008098606,0.08645807800394326,0.004277056590294939,112.6171875,75.984375,53.83746899997277,,
