split,features,seed,model,macro_f1_novel,macro_f1,macro_f1_unique,mcc,balanced_acc,normal_fpr,params,flops,macro_f1_unique_permseq
session,strict,0,MLP-PLR,59.75,38.64,62.7,0.4112,49.8,75.017,123279,235264,
session,strict,0,PALT-PLR,57.52,45.18,61.88,0.5092,51.74,49.781,53695,448832,
session,strict,1,MLP-PLR,54.87,41.45,60.46,0.3117,47.27,73.083,123279,235264,
session,strict,1,PALT-PLR,57.25,38.77,63.81,0.3231,50.2,73.288,53695,448832,
session,strict,2,MLP-PLR,66.8,42.11,70.15,0.3262,50.39,75.666,123279,235264,
session,strict,2,PALT-PLR,66.08,41.79,70.51,0.311,50.59,75.666,53695,448832,
session,strict,3,MLP-PLR,48.35,42.31,61.85,0.3435,49.27,75.605,123279,235264,
session,strict,3,PALT-PLR,50.47,37.33,63.41,0.311,50.23,75.603,53695,448832,
session,strict,4,MLP-PLR,53.89,41.14,61.6,0.3243,50.34,73.833,123279,235264,
session,strict,4,PALT-PLR,60.91,36.61,65.02,0.3168,50.11,73.765,53695,448832,
random,strict,0,MLP,,59.43,67.9,0.3612,59.53,81.993,29647,50432,19.31
random,strict,0,MLP-PLR,,63.44,74.28,0.3869,68.83,81.976,123279,235264,26.91
random,strict,0,PALT,,49.27,66.68,0.325,51.95,81.998,34543,412352,35.2
random,strict,0,PALT-PLR,,65.59,74.8,0.8446,73.05,0.057,53695,448832,34.64
random,strict,1,MLP,,43.71,67.5,0.4131,46.22,40.574,29647,50432,19.87
random,strict,1,MLP-PLR,,51.64,75.67,0.4138,54.07,40.551,123279,235264,32.58
random,strict,1,PALT,,37.31,67.35,0.362,41.28,40.572,34543,412352,29.86
random,strict,1,PALT-PLR,,30.71,67.73,0.3411,37.45,40.585,53695,448832,46.7
random,strict,2,MLP,,63.98,68.42,0.4122,73.92,75.688,29647,50432,19.64
random,strict,2,MLP-PLR,,78.59,75.17,0.6078,89.63,38.816,123279,235264,23.26
random,strict,2,PALT,,67.28,73.09,0.424,81.27,75.668,34543,412352,33.02
random,strict,2,PALT-PLR,,76.18,75.03,0.597,87.82,38.813,53695,448832,39.56
random-coarse,strict,0,MLP,,51.55,63.15,0.3586,51.84,82.119,29647,50432,
random-coarse,strict,0,MLP-PLR,,52.27,66.7,0.3484,52.49,82.035,123279,235264,
random-coarse,strict,0,PALT,,51.64,65.12,0.341,53.94,82.035,34543,412352,
random-coarse,strict,0,PALT-PLR,,52.53,66.69,0.35,52.45,82.041,53695,448832,
random-coarse,strict,1,MLP,,35.37,64.67,0.2507,38.89,76.523,29647,50432,
random-coarse,strict,1,MLP-PLR,,38.38,67.96,0.3678,44.62,40.638,123279,235264,
random-coarse,strict,1,PALT,,36.03,63.84,0.0643,38.24,73.902,34543,412352,
random-coarse,strict,1,PALT-PLR,,26.86,64.76,0.202,35.06,76.43,53695,448832,
random-coarse,strict,2,MLP,,58.17,64.35,0.3807,65.2,75.86,29647,50432,
random-coarse,strict,2,MLP-PLR,,58.27,67.57,0.3882,69.36,75.754,123279,235264,
random-coarse,strict,2,PALT,,57.34,66.33,0.4312,65.66,75.783,34543,412352,
random-coarse,strict,2,PALT-PLR,,63.47,68.1,0.5533,71.46,38.89,53695,448832,
