split,features,seed,model,macro_f1,macro_f1_unique,mcc,balanced_acc,normal_fpr,params,flops
temporal_file,strict,0,LightGBM,75.77,76.56,0.908,81.23,6.312,,
temporal_file,strict,0,MLP,63.43,61.32,0.8736,72.37,6.857,29647.0,50432.0
temporal_file,strict,0,FTTransformer,66.8,64.72,0.8955,81.35,6.88,28431.0,1409984.0
temporal_file,strict,0,PALT,59.61,58.35,0.8829,71.14,6.365,34543.0,412352.0
temporal_file,strict,1,LightGBM,75.85,76.93,0.9084,81.22,6.313,,
temporal_file,strict,1,MLP,60.22,58.28,0.8846,69.12,6.744,29647.0,50432.0
temporal_file,strict,1,FTTransformer,62.78,60.14,0.8784,76.03,7.86,28431.0,1409984.0
temporal_file,strict,1,PALT,62.82,63.12,0.8975,80.04,6.342,34543.0,412352.0
temporal_file,strict,2,LightGBM,75.81,76.54,0.9085,81.27,6.296,,
temporal_file,strict,2,MLP,61.33,59.9,0.8811,72.33,6.547,29647.0,50432.0
temporal_file,strict,2,FTTransformer,59.36,57.05,0.8784,71.81,7.139,28431.0,1409984.0
temporal_file,strict,2,PALT,66.22,64.61,0.9205,73.76,2.792,34543.0,412352.0
temporal_file,strict,3,LightGBM,75.81,76.58,0.9083,81.22,6.294,,
temporal_file,strict,3,MLP,60.54,58.44,0.8846,72.04,6.486,29647.0,50432.0
temporal_file,strict,3,FTTransformer,64.53,62.76,0.8895,75.91,6.416,28431.0,1409984.0
temporal_file,strict,3,PALT,61.91,59.7,0.8893,74.12,6.439,34543.0,412352.0
temporal_file,strict,4,LightGBM,75.51,76.27,0.9072,81.07,6.292,,
temporal_file,strict,4,MLP,60.59,58.72,0.876,69.75,6.819,29647.0,50432.0
temporal_file,strict,4,FTTransformer,63.01,61.33,0.8869,78.53,6.412,28431.0,1409984.0
temporal_file,strict,4,PALT,63.97,61.72,0.8959,78.64,6.403,34543.0,412352.0
temporal_rnd2,strict,0,LightGBM,84.73,82.96,0.9659,84.33,0.055,,
temporal_rnd2,strict,0,MLP,62.98,60.58,0.9366,72.47,0.693,29647.0,50432.0
temporal_rnd2,strict,0,FTTransformer,71.85,67.94,0.9467,80.01,0.577,28431.0,1409984.0
temporal_rnd2,strict,0,PALT,67.81,65.48,0.9351,71.27,0.164,34543.0,412352.0
temporal_rnd2,strict,1,LightGBM,85.66,84.1,0.9702,84.93,0.053,,
temporal_rnd2,strict,1,MLP,57.31,56.51,0.9111,62.66,0.702,29647.0,50432.0
temporal_rnd2,strict,1,FTTransformer,66.52,64.72,0.9231,72.8,0.697,28431.0,1409984.0
temporal_rnd2,strict,1,PALT,80.77,76.89,0.9643,85.07,0.058,34543.0,412352.0
temporal_rnd2,strict,2,LightGBM,84.05,83.29,0.9688,83.17,0.053,,
temporal_rnd2,strict,2,MLP,68.49,66.03,0.9339,75.52,0.064,29647.0,50432.0
temporal_rnd2,strict,2,FTTransformer,63.32,61.91,0.9221,68.54,0.701,28431.0,1409984.0
temporal_rnd2,strict,2,PALT,79.79,76.17,0.9639,83.42,0.058,34543.0,412352.0
temporal_rnd2,strict,3,LightGBM,84.27,83.45,0.9685,83.11,0.053,,
temporal_rnd2,strict,3,MLP,69.96,68.33,0.9315,73.92,0.055,29647.0,50432.0
temporal_rnd2,strict,3,FTTransformer,69.91,67.83,0.9267,71.03,0.704,28431.0,1409984.0
temporal_rnd2,strict,3,PALT,70.82,68.74,0.9149,71.66,0.104,34543.0,412352.0
temporal_rnd2,strict,4,LightGBM,83.81,82.85,0.9668,82.92,0.053,,
temporal_rnd2,strict,4,MLP,71.79,69.87,0.9264,73.56,0.057,29647.0,50432.0
temporal_rnd2,strict,4,FTTransformer,64.03,61.57,0.9273,70.22,0.704,28431.0,1409984.0
temporal_rnd2,strict,4,PALT,70.27,68.12,0.9423,73.83,0.429,34543.0,412352.0
