run,split,features,weighted,model,seed,macro_f1,n_classes
main,random,strict,False,LightGBM,0,82.83828320623464,14
main,random,strict,False,MLP,0,72.75031783062599,14
main,random,strict,False,CNN1D,0,64.92163877125994,14
main,random,strict,False,FTTransformer,0,74.66900598056363,14
main,random,strict,False,PALT-Teacher,0,74.64673469681175,14
main,random,strict,False,PALT,0,71.4479853509579,14
main,random,strict,False,PALT-KD,0,74.52720328050438,14
main,random,strict,False,LightGBM,1,82.82130553628947,14
main,random,strict,False,MLP,1,71.91999249398948,14
main,random,strict,False,CNN1D,1,60.032348323896294,14
main,random,strict,False,FTTransformer,1,68.17450594131337,14
main,random,strict,False,PALT-Teacher,1,71.23602895696295,14
main,random,strict,False,PALT,1,71.2681626977973,14
main,random,strict,False,PALT-KD,1,70.17821446662913,14
main,random,strict,False,LightGBM,2,81.91885570465013,14
main,random,strict,False,MLP,2,73.30643670536844,14
main,random,strict,False,CNN1D,2,68.959025488196,14
main,random,strict,False,FTTransformer,2,75.50232124401836,14
main,random,strict,False,PALT-Teacher,2,73.66530189318178,14
main,random,strict,False,PALT,2,78.30904175321378,14
main,random,strict,False,PALT-KD,2,73.89954895539059,14
main,random,strict,False,LightGBM,3,82.77075903281467,14
main,random,strict,False,MLP,3,69.36488994078442,14
main,random,strict,False,CNN1D,3,65.38324568325349,14
main,random,strict,False,FTTransformer,3,75.01800839998455,14
main,random,strict,False,PALT-Teacher,3,75.33794547122098,14
main,random,strict,False,PALT,3,73.94903751172149,14
main,random,strict,False,PALT-KD,3,74.33109892111825,14
main,random,strict,False,LightGBM,4,82.84514415057674,14
main,random,strict,False,MLP,4,72.14672781863484,14
main,random,strict,False,CNN1D,4,66.96105676613391,14
main,random,strict,False,FTTransformer,4,74.7648760031502,14
main,random,strict,False,PALT-Teacher,4,71.3914139113525,14
main,random,strict,False,PALT,4,71.21814417524091,14
main,random,strict,False,PALT-KD,4,71.13667043257793,14
main,temporal,strict,False,LightGBM,0,83.4288500819526,14
main,temporal,strict,False,MLP,0,60.58572512842351,14
main,temporal,strict,False,CNN1D,0,64.72929656325503,14
main,temporal,strict,False,FTTransformer,0,66.42921858440687,14
main,temporal,strict,False,PALT-Teacher,0,72.97316029885268,14
main,temporal,strict,False,PALT,0,65.45040596931831,14
main,temporal,strict,False,PALT-KD,0,70.61030420068182,14
main,temporal,strict,False,LightGBM,1,83.98018038816674,14
main,temporal,strict,False,MLP,1,56.51170554004151,14
main,temporal,strict,False,CNN1D,1,65.84420068840062,14
main,temporal,strict,False,FTTransformer,1,65.1585649974585,14
main,temporal,strict,False,PALT-Teacher,1,80.01932128957287,14
main,temporal,strict,False,PALT,1,79.128395272858,14
main,temporal,strict,False,PALT-KD,1,75.87133659118352,14
main,temporal,strict,False,LightGBM,2,83.24909264317982,14
main,temporal,strict,False,MLP,2,66.07505059222773,14
main,temporal,strict,False,CNN1D,2,65.1408825485141,14
main,temporal,strict,False,FTTransformer,2,72.98119859452426,14
main,temporal,strict,False,PALT-Teacher,2,72.25379897747827,14
main,temporal,strict,False,PALT,2,75.81278601717779,14
main,temporal,strict,False,PALT-KD,2,71.89344113728983,14
main,temporal,strict,False,LightGBM,3,83.27466570500295,14
main,temporal,strict,False,MLP,3,68.25456619707096,14
main,temporal,strict,False,CNN1D,3,64.65637027950616,14
main,temporal,strict,False,FTTransformer,3,67.52460884148388,14
main,temporal,strict,False,PALT-Teacher,3,71.67615108771766,14
main,temporal,strict,False,PALT,3,69.12740778004184,14
main,temporal,strict,False,PALT-KD,3,70.34074034149957,14
main,temporal,strict,False,LightGBM,4,83.33446862989459,14
main,temporal,strict,False,MLP,4,69.83755874936978,14
main,temporal,strict,False,CNN1D,4,64.379234565874,14
main,temporal,strict,False,FTTransformer,4,62.726015208541604,14
main,temporal,strict,False,PALT-Teacher,4,70.97035031873982,14
main,temporal,strict,False,PALT,4,67.99942228506981,14
main,temporal,strict,False,PALT-KD,4,72.20173218076646,14
ablation,random,raw-author,False,LightGBM,0,91.20163793654271,14
ablation,random,raw-author,False,MLP,0,87.90401658503569,14
ablation,random,raw-author,False,FTTransformer,0,91.25645606239402,14
ablation,random,raw-author,False,PALT,0,90.06329065794266,14
ablation,random,raw-author,False,LightGBM,1,91.61860109382562,14
ablation,random,raw-author,False,MLP,1,87.026249169731,14
ablation,random,raw-author,False,FTTransformer,1,91.2731616354661,14
ablation,random,raw-author,False,PALT,1,90.53240388808464,14
ablation,random,raw-author,False,LightGBM,2,91.54548565424851,14
ablation,random,raw-author,False,MLP,2,88.13600182042536,14
ablation,random,raw-author,False,FTTransformer,2,91.56119525747951,14
ablation,random,raw-author,False,PALT,2,90.50043994445319,14
ablation,random,author,False,LightGBM,0,80.98901666195458,14
ablation,random,author,False,MLP,0,87.0101887328276,14
ablation,random,author,False,FTTransformer,0,90.36913178429599,14
ablation,random,author,False,PALT,0,90.14409581877514,14
ablation,random,author,False,LightGBM,1,81.54335482544128,14
ablation,random,author,False,MLP,1,87.08005728737984,14
ablation,random,author,False,FTTransformer,1,90.41582951077604,14
ablation,random,author,False,PALT,1,90.31094930878193,14
ablation,random,author,False,LightGBM,2,81.73764867413321,14
ablation,random,author,False,MLP,2,87.29518748884665,14
ablation,random,author,False,FTTransformer,2,90.22025314093564,14
ablation,random,author,False,PALT,2,90.56083685875251,14
ablation,random,strict,False,LightGBM,0,82.83828320623464,14
ablation,random,strict,False,MLP,0,72.75031783062599,14
ablation,random,strict,False,FTTransformer,0,74.66900598056363,14
ablation,random,strict,False,PALT,0,71.4479853509579,14
ablation,random,strict,False,LightGBM,1,82.82130553628947,14
ablation,random,strict,False,MLP,1,71.91999249398948,14
ablation,random,strict,False,FTTransformer,1,68.17450594131337,14
ablation,random,strict,False,PALT,1,71.2681626977973,14
ablation,random,strict,False,LightGBM,2,81.91885570465013,14
ablation,random,strict,False,MLP,2,73.30643670536844,14
ablation,random,strict,False,FTTransformer,2,75.50232124401836,14
ablation,random,strict,False,PALT,2,78.30904175321378,14
robust_a,session,strict,False,LightGBM,0,71.28422356549025,14
robust_a,session,strict,False,MLP,0,59.5680305847411,14
robust_a,session,strict,False,FTTransformer,0,61.52451918904024,14
robust_a,session,strict,False,PALT,0,64.98020302201877,14
robust_a,session,strict,False,LightGBM,1,68.0548230940501,14
robust_a,session,strict,False,MLP,1,60.85468907406233,14
robust_a,session,strict,False,FTTransformer,1,53.5655351167486,14
robust_a,session,strict,False,PALT,1,57.63362396674723,14
robust_a,session,strict,False,LightGBM,2,75.59507330138929,14
robust_a,session,strict,False,MLP,2,66.59140278122695,14
robust_a,session,strict,False,FTTransformer,2,71.73820693247715,14
robust_a,session,strict,False,PALT,2,61.889647012845145,14
robust_a,session,strict,False,LightGBM,3,78.2445716692399,14
robust_a,session,strict,False,MLP,3,62.24265678833886,14
robust_a,session,strict,False,FTTransformer,3,58.800451461449136,14
robust_a,session,strict,False,PALT,3,71.85362957301672,14
robust_a,session,strict,False,LightGBM,4,67.68553311980158,14
robust_a,session,strict,False,MLP,4,60.86699678779936,14
robust_a,session,strict,False,FTTransformer,4,64.95085692417469,14
robust_a,session,strict,False,PALT,4,66.57965460783909,14
robust_a,random,strict,True,LightGBM,0,82.96900688041721,14
robust_a,random,strict,True,PALT,0,73.66878179569878,14
robust_a,random,strict,True,LightGBM,1,82.96773293682104,14
robust_a,random,strict,True,PALT,1,73.22673435423098,14
robust_a,random,strict,True,LightGBM,2,81.84374801150373,14
robust_a,random,strict,True,PALT,2,75.30882246649466,14
robust_a,random,strict-noseq,False,LightGBM,0,49.32417777958603,14
robust_a,random,strict-noseq,False,MLP,0,46.04993144285339,14
robust_a,random,strict-noseq,False,FTTransformer,0,45.939300171789604,14
robust_a,random,strict-noseq,False,PALT,0,47.85332311989599,14
robust_a,random,strict-noseq,False,LightGBM,1,46.49807117331392,14
robust_a,random,strict-noseq,False,MLP,1,45.82081778748533,14
robust_a,random,strict-noseq,False,FTTransformer,1,48.33578769394517,14
robust_a,random,strict-noseq,False,PALT,1,47.28325616541274,14
robust_a,random,strict-noseq,False,LightGBM,2,48.47881397783702,14
robust_a,random,strict-noseq,False,MLP,2,47.96886443330125,14
robust_a,random,strict-noseq,False,FTTransformer,2,47.89950931987158,14
robust_a,random,strict-noseq,False,PALT,2,45.64170172582868,14
robust_b,random,strict,False,XGBoost,0,86.8864925560039,14
robust_b,random,strict,False,CatBoost,0,75.19372285451543,14
robust_b,random,strict,False,RandomForest,0,87.16832112141046,14
robust_b,random,strict,False,MLP-PLR,0,79.58248196645236,14
robust_b,random,strict,False,PALT-RandGroup,0,73.37243192827717,14
robust_b,random,strict,False,PALT-NoLocal,0,70.57714838896594,14
robust_b,random,strict,False,PALT-FullAttn,0,75.23018623203514,14
robust_b,random,strict,False,PALT-ZeroAbsent,0,71.29471084103979,14
robust_b,random,strict,False,XGBoost,1,84.09078895661393,14
robust_b,random,strict,False,CatBoost,1,76.61171831894498,14
robust_b,random,strict,False,RandomForest,1,87.86870218951765,14
robust_b,random,strict,False,MLP-PLR,1,80.68626445987032,14
robust_b,random,strict,False,PALT-RandGroup,1,70.42293904255871,14
robust_b,random,strict,False,PALT-NoLocal,1,70.32995322328141,14
robust_b,random,strict,False,PALT-FullAttn,1,68.32217146473607,14
robust_b,random,strict,False,PALT-ZeroAbsent,1,71.46291883320487,14
robust_b,random,strict,False,XGBoost,2,85.17012437885705,14
robust_b,random,strict,False,CatBoost,2,75.37696839760113,14
robust_b,random,strict,False,RandomForest,2,88.84594274659484,14
robust_b,random,strict,False,MLP-PLR,2,80.5352207346151,14
robust_b,random,strict,False,PALT-RandGroup,2,71.43456189212303,14
robust_b,random,strict,False,PALT-NoLocal,2,77.3453340925879,14
robust_b,random,strict,False,PALT-FullAttn,2,77.4429073412959,14
robust_b,random,strict,False,PALT-ZeroAbsent,2,77.49858611054152,14
robust_b,random,strict,False,XGBoost,3,85.16459573021295,14
robust_b,random,strict,False,CatBoost,3,74.77648612133329,14
robust_b,random,strict,False,RandomForest,3,87.07120139439111,14
robust_b,random,strict,False,MLP-PLR,3,79.79764885747252,14
robust_b,random,strict,False,PALT-RandGroup,3,76.60188496634582,14
robust_b,random,strict,False,PALT-NoLocal,3,71.2039958788206,14
robust_b,random,strict,False,PALT-FullAttn,3,76.39637367722584,14
robust_b,random,strict,False,PALT-ZeroAbsent,3,74.4157579936675,14
robust_b,random,strict,False,XGBoost,4,85.4860695194033,14
robust_b,random,strict,False,CatBoost,4,75.47857348607705,14
robust_b,random,strict,False,RandomForest,4,88.44737088713953,14
robust_b,random,strict,False,MLP-PLR,4,79.68222952612412,14
robust_b,random,strict,False,PALT-RandGroup,4,71.30247622223976,14
robust_b,random,strict,False,PALT-NoLocal,4,72.85753653285843,14
robust_b,random,strict,False,PALT-FullAttn,4,77.32934768664208,14
robust_b,random,strict,False,PALT-ZeroAbsent,4,78.42573273306277,14
robust_b,temporal,strict,False,XGBoost,0,84.40432960233316,14
robust_b,temporal,strict,False,CatBoost,0,76.99622164324424,14
robust_b,temporal,strict,False,RandomForest,0,80.70292151421815,14
robust_b,temporal,strict,False,MLP-PLR,0,77.85662929788387,14
robust_b,temporal,strict,False,PALT-RandGroup,0,71.65988421893735,14
robust_b,temporal,strict,False,PALT-NoLocal,0,70.80756357985607,14
robust_b,temporal,strict,False,PALT-FullAttn,0,65.96443734096609,14
robust_b,temporal,strict,False,PALT-ZeroAbsent,0,65.39179926995733,14
robust_b,temporal,strict,False,XGBoost,1,84.40432960233316,14
robust_b,temporal,strict,False,CatBoost,1,76.88488487090551,14
robust_b,temporal,strict,False,RandomForest,1,80.95304523051587,14
robust_b,temporal,strict,False,MLP-PLR,1,82.5097911523457,14
robust_b,temporal,strict,False,PALT-RandGroup,1,78.13709083053129,14
robust_b,temporal,strict,False,PALT-NoLocal,1,60.770439178152905,14
robust_b,temporal,strict,False,PALT-FullAttn,1,59.37649997358289,14
robust_b,temporal,strict,False,PALT-ZeroAbsent,1,71.4220075744849,14
robust_b,temporal,strict,False,XGBoost,2,84.40432960233316,14
robust_b,temporal,strict,False,CatBoost,2,77.09145880885153,14
robust_b,temporal,strict,False,RandomForest,2,80.93810844872347,14
robust_b,temporal,strict,False,MLP-PLR,2,77.31939469199743,14
robust_b,temporal,strict,False,PALT-RandGroup,2,69.0179933052218,14
robust_b,temporal,strict,False,PALT-NoLocal,2,68.6436496260732,14
robust_b,temporal,strict,False,PALT-FullAttn,2,69.77757982270195,14
robust_b,temporal,strict,False,PALT-ZeroAbsent,2,75.74543261955402,14
robust_b,temporal,strict,False,XGBoost,3,84.40432960233316,14
robust_b,temporal,strict,False,CatBoost,3,78.12637186421709,14
robust_b,temporal,strict,False,RandomForest,3,80.5977847917402,14
robust_b,temporal,strict,False,MLP-PLR,3,83.3824483967283,14
robust_b,temporal,strict,False,PALT-RandGroup,3,70.15183310947766,14
robust_b,temporal,strict,False,PALT-NoLocal,3,80.38766539363509,14
robust_b,temporal,strict,False,PALT-FullAttn,3,69.44729030558875,14
robust_b,temporal,strict,False,PALT-ZeroAbsent,3,76.3708656874227,14
robust_b,temporal,strict,False,XGBoost,4,84.40432960233316,14
robust_b,temporal,strict,False,CatBoost,4,76.30957000959468,14
robust_b,temporal,strict,False,RandomForest,4,80.66782324474552,14
robust_b,temporal,strict,False,MLP-PLR,4,72.52694356973014,14
robust_b,temporal,strict,False,PALT-RandGroup,4,65.62817341728046,14
robust_b,temporal,strict,False,PALT-NoLocal,4,82.17314474337391,14
robust_b,temporal,strict,False,PALT-FullAttn,4,77.28700801865611,14
robust_b,temporal,strict,False,PALT-ZeroAbsent,4,73.56786416928423,14
robust_c,random,strict,False,PALT-PLR,0,80.13901849236697,14
robust_c,random,strict,False,PALT-PLR-RandGroup,0,81.22201399994287,14
robust_c,random,strict,False,PALT-PLR,1,72.57018527995521,14
robust_c,random,strict,False,PALT-PLR-RandGroup,1,80.7300342912364,14
robust_c,random,strict,False,PALT-PLR,2,80.38967073756496,14
robust_c,random,strict,False,PALT-PLR-RandGroup,2,80.60809591290861,14
robust_c,random,strict,False,PALT-PLR,3,79.91937484939409,14
robust_c,random,strict,False,PALT-PLR-RandGroup,3,80.15404794847488,14
robust_c,random,strict,False,PALT-PLR,4,80.36521292918005,14
robust_c,random,strict,False,PALT-PLR-RandGroup,4,79.82212575461799,14
robust_c,temporal,strict,False,PALT-PLR,0,80.07008715059445,14
robust_c,temporal,strict,False,PALT-PLR-RandGroup,0,80.25398828371215,14
robust_c,temporal,strict,False,PALT-PLR,1,76.40341912996608,14
robust_c,temporal,strict,False,PALT-PLR-RandGroup,1,78.74627767218337,14
robust_c,temporal,strict,False,PALT-PLR,2,82.10222377553157,14
robust_c,temporal,strict,False,PALT-PLR-RandGroup,2,68.09987900076716,14
robust_c,temporal,strict,False,PALT-PLR,3,81.8218571062065,14
robust_c,temporal,strict,False,PALT-PLR-RandGroup,3,80.2789251720714,14
robust_c,temporal,strict,False,PALT-PLR,4,80.26051148914368,14
robust_c,temporal,strict,False,PALT-PLR-RandGroup,4,76.21199248539783,14
robust_d,random,strict,False,LightGBM,0,82.83828320623464,14
robust_d,random,strict,False,XGBoost,0,86.8864925560039,14
robust_d,random,strict,False,RandomForest,0,87.16832112141046,14
robust_d,random,strict,False,PALT,0,71.4479853509579,14
robust_d,random,strict,False,MLP-PLR,0,79.58248196645236,14
robust_d,random,strict,False,PALT-PLR,0,80.13901849236697,14
robust_d,random,strict-noseq,False,XGBoost,0,48.12789998367837,14
robust_d,random,strict-noseq,False,RandomForest,0,48.67189716363145,14
robust_d,random,strict-noseq,False,MLP-PLR,0,46.16402019966678,14
robust_d,random,strict-noseq,False,PALT-PLR,0,49.68342704156557,14
robust_d,random,strict-noseq,False,XGBoost,1,46.82943760081769,14
robust_d,random,strict-noseq,False,RandomForest,1,48.084594376532344,14
robust_d,random,strict-noseq,False,MLP-PLR,1,48.51353835395851,14
robust_d,random,strict-noseq,False,PALT-PLR,1,47.06862585686332,14
robust_d,random,strict-noseq,False,XGBoost,2,48.83004239626087,14
robust_d,random,strict-noseq,False,RandomForest,2,48.60806821249057,14
robust_d,random,strict-noseq,False,MLP-PLR,2,48.85567270209033,14
robust_d,random,strict-noseq,False,PALT-PLR,2,47.65206565452296,14
