split,features,seed,class,n,arp,icmp,tcp,udp,http,dns,mqtt,modbus
random,strict,0,Backdoor,300,0.046777304261922836,0.028561390936374664,0.5560049414634705,0.13706694543361664,0.062132805585861206,0.044138483703136444,0.04822387546300888,0.07709427922964096
random,strict,0,DDoS_HTTP,300,0.028275340795516968,0.013471931219100952,0.6576732993125916,0.1603471040725708,0.026681959629058838,0.05610243231058121,0.014280923642218113,0.043167080730199814
random,strict,0,DDoS_ICMP,300,0.14978156983852386,0.1236293688416481,0.2212487757205963,0.07870607823133469,0.05107263848185539,0.13503699004650116,0.050596803426742554,0.18992777168750763
random,strict,0,DDoS_TCP,300,0.033902548253536224,0.09005079418420792,0.38643714785575867,0.24025192856788635,0.07795894891023636,0.06060715392231941,0.044314492493867874,0.0664769783616066
random,strict,0,DDoS_UDP,300,0.1564476639032364,0.21783912181854248,0.01681661047041416,0.15870188176631927,0.03444330394268036,0.3460066318511963,0.027448121458292007,0.04229670763015747
random,strict,0,Fingerprinting,135,0.019533885642886162,0.018438665196299553,0.577007532119751,0.21107414364814758,0.00649360753595829,0.036675237119197845,0.07128167152404785,0.059495341032743454
random,strict,0,MITM,77,0.049032870680093765,0.013661994598805904,0.46011295914649963,0.2632997930049896,0.03313252329826355,0.10099698603153229,0.052629414945840836,0.02713342010974884
random,strict,0,Normal,300,0.019553562626242638,0.03589760512113571,0.7153101563453674,0.12796711921691895,0.024543292820453644,0.04928567260503769,0.002192719606682658,0.025249861180782318
random,strict,0,Password,300,0.04784988611936569,0.038015056401491165,0.44873541593551636,0.25961053371429443,0.04708739370107651,0.020308256149291992,0.058239344507455826,0.08015415817499161
random,strict,0,Port_Scanning,300,0.045286085456609726,0.021025050431489944,0.5885434150695801,0.17473620176315308,0.011311507783830166,0.036330271512269974,0.05913805589079857,0.06362945586442947
random,strict,0,Ransomware,300,0.05031696707010269,0.02734839729964733,0.5541064143180847,0.1312216818332672,0.06543674319982529,0.043391719460487366,0.05002189427614212,0.07815618067979813
random,strict,0,SQL_injection,300,0.05245528742671013,0.04903808981180191,0.4786924123764038,0.22383402287960052,0.05359717458486557,0.028887229040265083,0.041156522929668427,0.07233922928571701
random,strict,0,Uploading,300,0.03188072890043259,0.023819511756300926,0.5423365831375122,0.20363326370716095,0.014497549273073673,0.034501682966947556,0.073494553565979,0.07583609223365784
random,strict,0,Vulnerability_scanner,300,0.026278765872120857,0.026243556290864944,0.48248040676116943,0.1434520035982132,0.2475140392780304,0.03014550171792507,0.022514063864946365,0.021371595561504364
random,strict,0,XSS,300,0.05185464024543762,0.038592323660850525,0.33914610743522644,0.25719961524009705,0.12026067823171616,0.055432867258787155,0.054055001586675644,0.083458811044693
random,strict,1,Backdoor,300,0.04855111241340637,0.11187780648469925,0.624761164188385,0.08449751138687134,0.030692802742123604,0.03239016979932785,0.050349488854408264,0.01687987707555294
random,strict,1,DDoS_HTTP,300,0.07647154480218887,0.20010940730571747,0.4849725067615509,0.056220415979623795,0.02665962465107441,0.02610686421394348,0.10110137611627579,0.028358222916722298
random,strict,1,DDoS_ICMP,300,0.12996473908424377,0.7452929615974426,0.0572579950094223,0.0068383486941456795,0.0027489541098475456,0.01850806549191475,0.024146558716893196,0.01524238009005785
random,strict,1,DDoS_TCP,300,0.007607933133840561,0.0442521795630455,0.7241008281707764,0.17662860453128815,0.01113735418766737,0.009267103858292103,0.013029728084802628,0.013976248912513256
random,strict,1,DDoS_UDP,300,0.0519808754324913,0.22016140818595886,0.47472068667411804,0.023514628410339355,0.0010407866211608052,0.009833108633756638,0.17552827298641205,0.04322031885385513
random,strict,1,Fingerprinting,300,0.0940103828907013,0.15473265945911407,0.4610389173030853,0.04993446543812752,0.01302042044699192,0.015233662910759449,0.17362618446350098,0.03840331733226776
random,strict,1,MITM,300,0.04375896230340004,0.17863012850284576,0.4389135241508484,0.09341801702976227,0.010558145120739937,0.037207890301942825,0.15127135813236237,0.046241894364356995
random,strict,1,Normal,300,0.0645412728190422,0.03602531924843788,0.29344430565834045,0.07738657295703888,0.03649146482348442,0.061844222247600555,0.24494974315166473,0.18531708419322968
random,strict,1,Password,300,0.06838691979646683,0.21338056027889252,0.44848117232322693,0.05309738218784332,0.060572851449251175,0.03219614177942276,0.09950893372297287,0.02437605895102024
random,strict,1,Port_Scanning,300,0.09297819435596466,0.05339181050658226,0.7294967174530029,0.011957190930843353,0.02626444771885872,0.009274224750697613,0.05654912441968918,0.02008829452097416
random,strict,1,Ransomware,300,0.06993252038955688,0.10055454820394516,0.6411139965057373,0.07625718414783478,0.02458963356912136,0.02990688569843769,0.0426357239484787,0.01500954944640398
random,strict,1,SQL_injection,300,0.05097973719239235,0.162878155708313,0.4632735252380371,0.053432390093803406,0.12009227275848389,0.02044929750263691,0.10415270179510117,0.024741902947425842
random,strict,1,Uploading,300,0.05879020690917969,0.18577612936496735,0.46915456652641296,0.05642570182681084,0.07403747737407684,0.020976239815354347,0.11049292981624603,0.02434675209224224
random,strict,1,Vulnerability_scanner,300,0.024613911285996437,0.043954916298389435,0.29997795820236206,0.023571614176034927,0.5074207186698914,0.058556437492370605,0.03029320016503334,0.011611266992986202
random,strict,1,XSS,300,0.07161374390125275,0.19059669971466064,0.44899484515190125,0.048330895602703094,0.037849441170692444,0.029136771336197853,0.13965120911598206,0.03382640704512596
random,strict,2,Backdoor,300,0.024328462779521942,0.03702537715435028,0.6332525014877319,0.0831507220864296,0.022255046293139458,0.18367603421211243,0.00974699854850769,0.00656490121036768
random,strict,2,DDoS_HTTP,300,0.03370910882949829,0.031367745250463486,0.6703274846076965,0.19353218376636505,0.033484503626823425,0.02516270987689495,0.00531954038888216,0.007096731569617987
random,strict,2,DDoS_ICMP,300,0.03179994598031044,0.7914695739746094,0.09345383942127228,0.01862572878599167,0.010871216654777527,0.034300897270441055,0.012871582061052322,0.0066072638146579266
random,strict,2,DDoS_TCP,300,0.058543454855680466,0.03420858085155487,0.8075324296951294,0.053328342735767365,0.009573301300406456,0.026394840329885483,0.0028172179590910673,0.007601817138493061
random,strict,2,DDoS_UDP,300,0.008104922249913216,0.3804883062839508,0.1826028674840927,0.01062497403472662,0.058503422886133194,0.34118974208831787,0.012421541847288609,0.006064255256205797
random,strict,2,MITM,75,0.05642907693982124,0.01405480969697237,0.3398268222808838,0.3363863229751587,0.05847591906785965,0.012560670264065266,0.04983876645565033,0.1324276626110077
random,strict,2,Normal,300,0.012084229849278927,0.02468758262693882,0.25101909041404724,0.02676089107990265,0.005088205449283123,0.05313965678215027,0.5290391445159912,0.09818122535943985
random,strict,2,Password,300,0.01689412072300911,0.022544533014297485,0.6004611253738403,0.077765554189682,0.07312849164009094,0.18101555109024048,0.01900065876543522,0.009189962409436703
random,strict,2,Port_Scanning,300,0.003963406663388014,0.004733694717288017,0.8279880285263062,0.14031241834163666,0.006608497351408005,0.007737710140645504,0.0033547068014740944,0.0053016445599496365
random,strict,2,Ransomware,300,0.05858093127608299,0.06909690052270889,0.4227237105369568,0.12649260461330414,0.02435457520186901,0.2671370804309845,0.019781822338700294,0.011832311749458313
random,strict,2,SQL_injection,300,0.006432123947888613,0.11416035145521164,0.5249682068824768,0.055839162319898605,0.11331415921449661,0.15708789229393005,0.017825450748205185,0.010372694581747055
random,strict,2,Uploading,300,0.03436141088604927,0.1366632878780365,0.5808255672454834,0.1055632010102272,0.02964709885418415,0.08270519971847534,0.017406335100531578,0.012827864848077297
random,strict,2,Vulnerability_scanner,300,0.00940717663615942,0.06511431932449341,0.5874828100204468,0.03957708179950714,0.1606731116771698,0.09013515710830688,0.024298271164298058,0.023312024772167206
random,strict,2,XSS,300,0.018555544316768646,0.12565919756889343,0.5768672227859497,0.044913336634635925,0.12240216881036758,0.09737478196620941,0.009620199911296368,0.00460760947316885
random,strict,3,Backdoor,300,0.029473595321178436,0.20997101068496704,0.5897295475006104,0.11476670950651169,0.015788132324814796,0.026627125218510628,0.010013244114816189,0.0036305596586316824
random,strict,3,DDoS_HTTP,300,0.02774857170879841,0.10881159454584122,0.6501519083976746,0.1313752830028534,0.017091160640120506,0.040213484317064285,0.011250751093029976,0.01335722766816616
random,strict,3,DDoS_ICMP,300,0.03228370472788811,0.7750341296195984,0.12168612331151962,0.02982800453901291,0.019324585795402527,0.01412029005587101,0.004455390851944685,0.0032677925191819668
random,strict,3,DDoS_TCP,300,0.007846412248909473,0.01319451816380024,0.6434224843978882,0.31846627593040466,0.009002234786748886,0.002752584172412753,0.003322289325296879,0.0019932056311517954
random,strict,3,DDoS_UDP,300,0.0018666005926206708,0.7920688986778259,0.09319702535867691,0.0194449033588171,0.016894543543457985,0.06163964048027992,0.0062959324568510056,0.008592519909143448
random,strict,3,Fingerprinting,40,0.9741451144218445,0.004112024791538715,0.003242987208068371,0.00027185777435079217,0.008207782171666622,0.00605000602081418,0.002194043016061187,0.0017762250499799848
random,strict,3,MITM,78,0.020026441663503647,0.09518658369779587,0.5693759322166443,0.20439836382865906,0.007504306733608246,0.0771072581410408,0.016152823343873024,0.01024827640503645
random,strict,3,Normal,300,0.04164959117770195,0.05457684025168419,0.2741658687591553,0.015481092967092991,0.17077893018722534,0.030360529199242592,0.32934582233428955,0.08364132791757584
random,strict,3,Password,300,0.041724130511283875,0.1259312927722931,0.5629307627677917,0.07320748269557953,0.16267794370651245,0.018659980967640877,0.009078137576580048,0.005790284369140863
random,strict,3,Port_Scanning,300,0.4247209429740906,0.025448033586144447,0.38965433835983276,0.08216734975576401,0.03206983208656311,0.015304842963814735,0.023063072934746742,0.0075716073624789715
random,strict,3,Ransomware,300,0.08516908437013626,0.21618963778018951,0.521584689617157,0.11932320147752762,0.01653900370001793,0.027466246858239174,0.00976070761680603,0.003967433702200651
random,strict,3,SQL_injection,300,0.017926134169101715,0.08766165375709534,0.6511270999908447,0.09859070181846619,0.09777586162090302,0.027330443263053894,0.012721105478703976,0.006866974290460348
random,strict,3,Uploading,300,0.03164253383874893,0.1431225836277008,0.6107367873191833,0.15948908030986786,0.01889757253229618,0.018715988844633102,0.00798043329268694,0.009415035136044025
random,strict,3,Vulnerability_scanner,300,0.03516482189297676,0.06441172957420349,0.47480154037475586,0.12136906385421753,0.2267451286315918,0.027859488502144814,0.03458161652088165,0.015066615305840969
random,strict,3,XSS,300,0.05588274076581001,0.1389027088880539,0.5955322980880737,0.12882910668849945,0.04588029533624649,0.021922366693615913,0.00544650387018919,0.007603942882269621
random,strict,4,Backdoor,300,0.029869645833969116,0.3306773006916046,0.5104082822799683,0.08178022503852844,0.019019506871700287,0.015496493317186832,0.006671798415482044,0.0060767969116568565
random,strict,4,DDoS_HTTP,300,0.0337592214345932,0.4748045802116394,0.27935367822647095,0.12341459840536118,0.042439039796590805,0.0050945645198225975,0.026619283482432365,0.014514949172735214
random,strict,4,DDoS_ICMP,300,0.024172024801373482,0.7106642127037048,0.11298596113920212,0.06621358543634415,0.04711088910698891,0.0077879405580461025,0.01723645068705082,0.013828882947564125
random,strict,4,DDoS_TCP,300,0.022466709837317467,0.1763937622308731,0.5135564804077148,0.14349187910556793,0.0459444597363472,0.0383404865860939,0.03390592336654663,0.025900349020957947
random,strict,4,DDoS_UDP,300,0.025962278246879578,0.013818562962114811,0.09529507160186768,0.004156589508056641,0.02234589494764805,0.8248284459114075,0.004325209651142359,0.009267947636544704
random,strict,4,Fingerprinting,135,0.03980268910527229,0.3206730782985687,0.4970404803752899,0.009258337318897247,0.03022015281021595,0.028407426550984383,0.06501489877700806,0.00958291720598936
random,strict,4,MITM,77,0.01820977032184601,0.018310274928808212,0.14905378222465515,0.45942938327789307,0.011113947257399559,0.19928404688835144,0.026834717020392418,0.11776413023471832
random,strict,4,Normal,300,0.010608717799186707,0.2974656820297241,0.5421623587608337,0.0864342525601387,0.023621657863259315,0.006888412404805422,0.019745074212551117,0.013073856942355633
random,strict,4,Password,300,0.02667403034865856,0.14011900126934052,0.6229369044303894,0.10985410958528519,0.04119378328323364,0.01696944050490856,0.02084670215845108,0.021406032145023346
random,strict,4,Port_Scanning,300,0.03873205929994583,0.32170599699020386,0.48135673999786377,0.014515161514282227,0.03518547862768173,0.038491878658533096,0.06038584187626839,0.00962684117257595
random,strict,4,Ransomware,300,0.028348708525300026,0.33415335416793823,0.5193895697593689,0.07499711215496063,0.01552963349968195,0.014735069125890732,0.005875265691429377,0.006971226539462805
random,strict,4,SQL_injection,300,0.025010496377944946,0.12702576816082,0.5468460917472839,0.13433176279067993,0.10314933210611343,0.024541420862078667,0.019496697932481766,0.01959848776459694
random,strict,4,Uploading,300,0.02895212359726429,0.23428425192832947,0.5294415354728699,0.08335298299789429,0.043587248772382736,0.02397296018898487,0.03626817464828491,0.020140696316957474
random,strict,4,Vulnerability_scanner,300,0.04173750430345535,0.10668586939573288,0.48950278759002686,0.048370156437158585,0.23559410870075226,0.030419649556279182,0.021965308114886284,0.025724565610289574
random,strict,4,XSS,300,0.027107272297143936,0.13819620013237,0.5734533667564392,0.13673588633537292,0.06041189283132553,0.018318280577659607,0.023168299347162247,0.022608758881688118
temporal,strict,0,Backdoor,300,0.11161327362060547,0.038515251129865646,0.43285906314849854,0.07940907776355743,0.15476611256599426,0.0632413923740387,0.08421535044908524,0.03538042679429054
temporal,strict,0,DDoS_HTTP,300,0.05810094624757767,0.03494121506810188,0.47465798258781433,0.17116881906986237,0.12674275040626526,0.06665903329849243,0.033540595322847366,0.03418866544961929
temporal,strict,0,DDoS_ICMP,300,0.017712432891130447,0.027395915240049362,0.1645020991563797,0.04601845145225525,0.18483692407608032,0.3581981360912323,0.054641883820295334,0.14669418334960938
temporal,strict,0,DDoS_TCP,300,0.037816811352968216,0.0188435148447752,0.6223950386047363,0.04850771650671959,0.04513733088970184,0.12030689418315887,0.013596994802355766,0.0933956727385521
temporal,strict,0,DDoS_UDP,300,0.1573919802904129,0.269367516040802,0.048446569591760635,0.1945623755455017,0.013638240285217762,0.14119912683963776,0.14182743430137634,0.03356671333312988
temporal,strict,0,MITM,79,0.06011819466948509,0.017944255843758583,0.3391018807888031,0.4119561016559601,0.04904315620660782,0.02877257764339447,0.06791610270738602,0.02514773979783058
temporal,strict,0,Normal,300,0.020252034068107605,0.06569308787584305,0.3768945336341858,0.25151416659355164,0.06678987294435501,0.030012767761945724,0.1560278981924057,0.03281566873192787
temporal,strict,0,Password,86,0.07175695151090622,0.05342850089073181,0.4293203055858612,0.20322230458259583,0.0321686714887619,0.047660019248723984,0.045953795313835144,0.11648949235677719
temporal,strict,0,Port_Scanning,300,0.022594725713133812,0.020284296944737434,0.670706033706665,0.04489781707525253,0.05916527286171913,0.08401224762201309,0.0730942040681839,0.025245407596230507
temporal,strict,0,Ransomware,300,0.07896634191274643,0.03802396357059479,0.3770279288291931,0.17206543684005737,0.09907584637403488,0.061940111219882965,0.10650864243507385,0.06639175862073898
temporal,strict,0,SQL_injection,300,0.05414077267050743,0.05345441773533821,0.3298892676830292,0.16297343373298645,0.19792531430721283,0.0778895691037178,0.03580006957054138,0.08792711794376373
temporal,strict,0,Uploading,77,0.03209806606173515,0.04403932765126228,0.459930956363678,0.27421048283576965,0.05835433676838875,0.04970255866646767,0.04431803524494171,0.03734622150659561
temporal,strict,0,Vulnerability_scanner,300,0.027432799339294434,0.020886238664388657,0.3898550271987915,0.15716134011745453,0.3095674216747284,0.04732448607683182,0.023502595722675323,0.02427016757428646
temporal,strict,0,XSS,58,0.031398605555295944,0.04385778680443764,0.6221202611923218,0.11952941864728928,0.05924290791153908,0.04340498149394989,0.04762205481529236,0.03282402455806732
temporal,strict,1,Backdoor,300,0.02192859724164009,0.3419494330883026,0.23215512931346893,0.11961288750171661,0.101383276283741,0.10414193570613861,0.03693944960832596,0.04188933223485947
temporal,strict,1,DDoS_HTTP,300,0.034427616745233536,0.23476412892341614,0.5884535908699036,0.04776052385568619,0.0468246228992939,0.031651198863983154,0.009052899666130543,0.0070653497241437435
temporal,strict,1,DDoS_ICMP,300,0.09600599110126495,0.748820960521698,0.017367945984005928,0.02317679487168789,0.029447536915540695,0.03956492990255356,0.039114270359277725,0.006501608993858099
temporal,strict,1,DDoS_TCP,300,0.009986745193600655,0.03691355139017105,0.8085209131240845,0.06742482632398605,0.0016977479681372643,0.02967199496924877,0.011019815690815449,0.03476441279053688
temporal,strict,1,DDoS_UDP,300,0.08422072231769562,0.5941599607467651,0.005669865291565657,0.006720175500959158,0.07456724345684052,0.2010071873664856,0.0320701077580452,0.00158471311442554
temporal,strict,1,MITM,79,0.008451908826828003,0.02987762913107872,0.6650956273078918,0.11882197856903076,0.07470956444740295,0.05551399663090706,0.018878435716032982,0.028650853782892227
temporal,strict,1,Normal,300,0.05879171937704086,0.09820675849914551,0.39604344964027405,0.10628107935190201,0.07721532136201859,0.16926734149456024,0.04956398159265518,0.044630326330661774
temporal,strict,1,Password,86,0.03746257349848747,0.16725623607635498,0.6498218774795532,0.0644025206565857,0.020344002172350883,0.02980685606598854,0.020901212468743324,0.01000470295548439
temporal,strict,1,Port_Scanning,300,0.025994637981057167,0.035072654485702515,0.5283818244934082,0.08620185405015945,0.07256963104009628,0.06875423341989517,0.09480193257331848,0.08822321891784668
temporal,strict,1,Ransomware,300,0.017733268439769745,0.3495272696018219,0.32923462986946106,0.08591611683368683,0.0681970939040184,0.09471292793750763,0.025728439912199974,0.02895026095211506
temporal,strict,1,SQL_injection,300,0.02573518082499504,0.195444718003273,0.47147098183631897,0.09357690811157227,0.14404909312725067,0.034833211451768875,0.02302069030702114,0.011869204230606556
temporal,strict,1,Uploading,77,0.04750559478998184,0.09822875261306763,0.6959792971611023,0.031127752736210823,0.0699315294623375,0.038591429591178894,0.01113095972687006,0.007504718843847513
temporal,strict,1,Vulnerability_scanner,300,0.03454332798719406,0.14832542836666107,0.33952459692955017,0.08336661756038666,0.2850213646888733,0.0833607017993927,0.01526922732591629,0.01058872975409031
temporal,strict,1,XSS,58,0.04453561455011368,0.16202451288700104,0.6211331486701965,0.05080181360244751,0.04693187400698662,0.04408787190914154,0.017148016020655632,0.013337109237909317
temporal,strict,2,Backdoor,300,0.011589118279516697,0.012060164473950863,0.4918707609176636,0.470350444316864,0.007744243368506432,0.0009225006797350943,0.0015232543228194118,0.003939521498978138
temporal,strict,2,DDoS_HTTP,300,0.014564941637217999,0.10019053518772125,0.6381735801696777,0.11021199077367783,0.05122033506631851,0.02622988633811474,0.02902475744485855,0.030383968725800514
temporal,strict,2,DDoS_ICMP,300,0.019120629876852036,0.7769039869308472,0.06839261204004288,0.06456809490919113,0.019678421318531036,0.02503185160458088,0.018096262589097023,0.008208096027374268
temporal,strict,2,DDoS_TCP,300,0.0023867457639425993,0.01608297787606716,0.8115785717964172,0.15361808240413666,0.008393011055886745,0.002191563369706273,0.004565568175166845,0.0011834453325718641
temporal,strict,2,DDoS_UDP,300,0.025195369496941566,0.6283494830131531,0.04609816521406174,0.05159100890159607,0.01737191341817379,0.21883678436279297,0.008685911074280739,0.0038713812828063965
temporal,strict,2,MITM,79,0.007177266292273998,0.09486664086580276,0.6494300961494446,0.1808093786239624,0.018302464857697487,0.03312316909432411,0.006987473927438259,0.009303482249379158
temporal,strict,2,Normal,300,0.11854052543640137,0.0859438106417656,0.6571462750434875,0.10888262093067169,0.011327562853693962,0.010309439152479172,0.005098531022667885,0.0027511869557201862
temporal,strict,2,Password,86,0.011535140685737133,0.05217967554926872,0.870492160320282,0.034105997532606125,0.011622748337686062,0.008322750218212605,0.005349362269043922,0.00639216136187315
temporal,strict,2,Port_Scanning,300,0.007807934656739235,0.012495280243456364,0.8729434013366699,0.09292556345462799,0.0040672291070222855,0.005120127461850643,0.0032400405034422874,0.0014004419790580869
temporal,strict,2,Ransomware,300,0.006039308849722147,0.014784607104957104,0.3357391357421875,0.6195321083068848,0.019882772117853165,0.0008653445402160287,0.0013802378671243787,0.001776433433406055
temporal,strict,2,SQL_injection,300,0.018188651651144028,0.07494623214006424,0.7325862646102905,0.05604168772697449,0.09748358279466629,0.009230094961822033,0.005943332798779011,0.00558015052229166
temporal,strict,2,Uploading,77,0.027726104483008385,0.06302337348461151,0.7577754259109497,0.11889271438121796,0.00828384980559349,0.009210179559886456,0.008621620945632458,0.006466704420745373
temporal,strict,2,Vulnerability_scanner,300,0.022141415625810623,0.03745310753583908,0.5192096829414368,0.11257053911685944,0.24655015766620636,0.01883087493479252,0.01683981902897358,0.026404380798339844
temporal,strict,2,XSS,58,0.04850834235548973,0.11272832006216049,0.6245183944702148,0.11792200058698654,0.027074193581938744,0.020249955356121063,0.014417821541428566,0.03458091616630554
temporal,strict,3,Backdoor,300,0.0267308559268713,0.24855937063694,0.5703514218330383,0.05878068506717682,0.059349071234464645,0.030237771570682526,0.0022225333377718925,0.0037682654801756144
temporal,strict,3,DDoS_HTTP,300,0.028727374970912933,0.19895397126674652,0.3622399866580963,0.28016147017478943,0.06906221061944962,0.032431259751319885,0.005788146052509546,0.022635556757450104
temporal,strict,3,DDoS_ICMP,300,0.0129970358684659,0.8413993120193481,0.11578251421451569,0.009850475937128067,0.00358910602517426,0.010510757565498352,0.003842320293188095,0.002028567483648658
temporal,strict,3,DDoS_TCP,300,0.01313385833054781,0.02665557712316513,0.6936002373695374,0.24438925087451935,0.002654635114595294,0.01448473334312439,0.0023411032743752003,0.0027407112065702677
temporal,strict,3,DDoS_UDP,300,0.0055563608184456825,0.688197910785675,0.17607109248638153,0.0031708350870758295,0.061313483864068985,0.05291606858372688,0.004398331977427006,0.008375883102416992
temporal,strict,3,MITM,79,0.009583796374499798,0.02901567704975605,0.5767800211906433,0.3113977015018463,0.003797118319198489,0.0487157367169857,0.007812841795384884,0.012897016480565071
temporal,strict,3,Normal,300,0.04627496376633644,0.34844857454299927,0.26461562514305115,0.24115090072155,0.025242801755666733,0.05096675083041191,0.014051120728254318,0.009249294176697731
temporal,strict,3,Password,86,0.0774436667561531,0.35747238993644714,0.41219380497932434,0.06480754911899567,0.028604093939065933,0.036019980907440186,0.009357215836644173,0.014101275242865086
temporal,strict,3,Port_Scanning,300,0.02087312377989292,0.02450500801205635,0.4868229925632477,0.4019385278224945,0.0164275411516428,0.022541800513863564,0.011622066609561443,0.01526891440153122
temporal,strict,3,Ransomware,300,0.023723062127828598,0.22701221704483032,0.5087315440177917,0.14005272090435028,0.05738463252782822,0.028568008914589882,0.011120305396616459,0.0034075560979545116
temporal,strict,3,SQL_injection,300,0.05533484369516373,0.2726569175720215,0.4801841080188751,0.05678405240178108,0.08644165843725204,0.029496829956769943,0.010247149504721165,0.008854447863996029
temporal,strict,3,Uploading,77,0.0427919402718544,0.2466084212064743,0.4083408713340759,0.2304898500442505,0.03566930815577507,0.023528458550572395,0.004264326300472021,0.008306811563670635
temporal,strict,3,Vulnerability_scanner,300,0.028477637097239494,0.16289983689785004,0.3963744640350342,0.1594984233379364,0.17467956244945526,0.021716510877013206,0.03879997506737709,0.01755361631512642
temporal,strict,3,XSS,58,0.10430271178483963,0.2639436423778534,0.3957135081291199,0.0959470272064209,0.025749150663614273,0.08621813356876373,0.0029660635627806187,0.025159714743494987
temporal,strict,4,Backdoor,300,0.04120954871177673,0.09491395205259323,0.41402745246887207,0.2819700539112091,0.0896080881357193,0.024387424811720848,0.037350233644247055,0.016533276066184044
temporal,strict,4,DDoS_HTTP,300,0.04705845192074776,0.31850966811180115,0.3706004023551941,0.12904557585716248,0.08622248470783234,0.030570831149816513,0.00657038576900959,0.01142212189733982
temporal,strict,4,DDoS_ICMP,300,0.03241007775068283,0.5398980379104614,0.1311427801847458,0.0020670935045927763,0.09658629447221756,0.12694710493087769,0.0007827011868357658,0.07016589492559433
temporal,strict,4,DDoS_TCP,300,0.19867344200611115,0.07296426594257355,0.25458452105522156,0.04711143672466278,0.2820984125137329,0.017436685040593147,0.04531902074813843,0.08181218802928925
temporal,strict,4,DDoS_UDP,300,0.006456943694502115,0.048023417592048645,0.01062814798206091,0.01060588750988245,0.10674052685499191,0.8120560050010681,0.0005337584880180657,0.0049553317949175835
temporal,strict,4,MITM,79,0.02153969556093216,0.018163299188017845,0.23355908691883087,0.5476453900337219,0.017339324578642845,0.09784545749425888,0.03191269189119339,0.03199498727917671
temporal,strict,4,Normal,300,0.05773967504501343,0.19457630813121796,0.27979937195777893,0.24147053062915802,0.07321290671825409,0.06381554901599884,0.05599159747362137,0.033394068479537964
temporal,strict,4,Password,86,0.06341057270765305,0.14895236492156982,0.4836876690387726,0.0732349082827568,0.12404065579175949,0.05558231100440025,0.010339339263737202,0.04075218364596367
temporal,strict,4,Port_Scanning,300,0.1877635270357132,0.06747015565633774,0.2816848158836365,0.1552041918039322,0.1326025128364563,0.0869627594947815,0.05594372749328613,0.03236829861998558
temporal,strict,4,Ransomware,300,0.019658371806144714,0.04832492396235466,0.42913755774497986,0.3667658567428589,0.050924111157655716,0.015179288573563099,0.04855123907327652,0.02145857736468315
temporal,strict,4,SQL_injection,300,0.056541282683610916,0.1149502620100975,0.5213244557380676,0.10627028346061707,0.12332262843847275,0.0434136725962162,0.007741282228380442,0.026436202228069305
temporal,strict,4,Uploading,77,0.029028115794062614,0.3134419023990631,0.516889750957489,0.08186841756105423,0.021594388410449028,0.017663175240159035,0.009204545058310032,0.010309715755283833
temporal,strict,4,Vulnerability_scanner,300,0.04395829513669014,0.09361990541219711,0.40484198927879333,0.06862308084964752,0.22269219160079956,0.05432857573032379,0.043523192405700684,0.06841281801462173
temporal,strict,4,XSS,58,0.04548157751560211,0.17715436220169067,0.4879198968410492,0.07197485864162445,0.11791804432868958,0.054512251168489456,0.017221421003341675,0.027817683294415474
