split,features,seed,model,Backdoor,DDoS_HTTP,DDoS_ICMP,DDoS_TCP,DDoS_UDP,Fingerprinting,MITM,Normal,Password,Port_Scanning,Ransomware,SQL_injection,Uploading,Vulnerability_scanner,XSS
random,strict,0,LightGBM,74.32,86.91,99.84,40.44,100.0,0.0,100.0,30.56,70.16,28.57,63.14,93.83,2.6,92.99,68.14
random,strict,0,MLP,74.94,85.32,99.69,100.0,100.0,0.0,100.0,30.51,1.29,28.57,43.5,57.46,7.54,93.95,68.74
random,strict,0,CNN1D,54.31,1.93,100.0,100.0,100.0,0.0,93.79,30.45,0.0,28.57,0.25,42.11,1.53,86.14,1.34
random,strict,0,FTTransformer,74.32,76.98,99.65,100.0,100.0,0.0,99.35,30.54,3.29,28.57,36.43,83.35,8.21,95.54,39.49
random,strict,0,PALT-Teacher,74.64,85.17,98.52,100.0,100.0,0.0,100.0,30.53,0.09,28.57,55.75,53.73,6.4,93.91,1.31
random,strict,0,PALT,72.27,2.08,100.0,100.0,99.89,0.0,100.0,30.51,8.93,28.57,45.24,50.26,7.15,93.72,0.38
random,strict,0,PALT-KD,75.47,81.99,98.39,100.0,99.96,0.0,100.0,30.53,0.25,28.57,56.15,30.16,5.49,93.87,0.88
random,strict,1,LightGBM,68.37,7.99,99.7,99.99,4.02,0.85,15.79,38.26,63.07,3.25,52.64,69.38,45.69,96.0,40.84
random,strict,1,MLP,70.93,37.17,99.68,99.99,4.02,0.55,15.79,74.54,8.58,72.71,21.37,50.9,4.88,86.38,8.11
random,strict,1,CNN1D,45.96,25.18,16.39,99.99,3.97,3.67,0.17,37.15,0.0,72.71,0.0,25.14,0.0,83.92,0.23
random,strict,1,FTTransformer,70.15,23.16,27.94,99.99,4.02,3.67,0.18,38.14,13.08,72.71,26.76,31.15,5.03,90.71,0.89
random,strict,1,PALT-Teacher,72.04,36.64,27.94,99.99,4.02,3.67,15.79,74.53,8.55,3.25,17.01,43.19,5.58,86.61,11.52
random,strict,1,PALT,69.4,29.45,27.79,99.99,4.02,3.67,15.79,74.55,7.68,72.71,26.9,35.79,4.38,86.13,1.39
random,strict,1,PALT-KD,8.69,37.82,99.99,99.99,4.02,3.67,0.13,29.85,0.0,72.71,16.18,44.64,5.33,86.82,11.49
random,strict,2,LightGBM,81.33,77.56,99.86,100.0,100.0,0.0,100.0,75.94,58.67,100.0,68.16,84.68,91.33,93.18,6.71
random,strict,2,MLP,81.39,82.9,99.79,100.0,100.0,0.0,100.0,39.11,37.14,100.0,55.44,65.75,1.18,93.83,3.21
random,strict,2,CNN1D,81.22,6.01,98.52,100.0,5.27,0.0,100.0,39.08,4.85,100.0,31.01,56.05,21.77,90.69,1.63
random,strict,2,FTTransformer,81.19,70.73,99.77,100.0,100.0,0.0,100.0,39.14,4.06,100.0,52.31,82.37,51.7,94.24,79.43
random,strict,2,PALT-Teacher,83.5,80.04,99.85,100.0,100.0,0.0,100.0,75.89,5.91,100.0,64.6,62.84,43.67,88.25,32.47
random,strict,2,PALT,85.21,71.34,99.77,100.0,100.0,0.0,100.0,39.14,9.49,100.0,66.34,81.65,53.09,17.19,86.01
random,strict,2,PALT-KD,82.98,73.93,99.83,100.0,100.0,0.0,100.0,39.1,36.77,100.0,63.25,67.16,43.95,93.25,0.93
random,strict,3,LightGBM,79.79,86.65,99.78,99.99,100.0,4.82,100.0,39.12,79.52,85.89,66.47,90.69,22.41,98.6,0.71
random,strict,3,MLP,80.93,64.13,99.83,99.99,100.0,4.88,98.7,39.06,3.5,85.91,23.43,68.75,58.27,87.53,5.02
random,strict,3,CNN1D,77.69,9.77,99.98,99.99,99.98,5.12,96.69,38.94,0.0,85.91,0.0,12.29,19.0,86.11,4.98
random,strict,3,FTTransformer,80.92,79.24,99.73,99.99,100.0,4.76,100.0,39.06,8.37,85.91,29.15,87.44,81.06,94.15,34.03
random,strict,3,PALT-Teacher,78.59,75.09,99.41,99.99,100.0,4.36,98.04,39.08,9.04,85.86,53.35,74.31,75.53,94.99,0.06
random,strict,3,PALT,78.64,82.04,99.55,99.99,100.0,4.53,100.0,39.07,8.77,85.91,2.29,62.99,68.05,92.8,0.31
random,strict,3,PALT-KD,77.92,10.37,99.41,99.99,100.0,4.37,100.0,75.79,12.51,85.91,51.89,70.35,59.25,81.94,6.65
random,strict,4,LightGBM,71.22,8.38,99.8,35.8,100.0,0.0,100.0,20.97,13.39,28.57,61.16,67.86,2.61,95.98,64.18
random,strict,4,MLP,7.85,71.28,99.76,35.8,100.0,0.0,100.0,20.94,6.44,28.57,40.07,29.58,5.86,91.21,1.05
random,strict,4,CNN1D,76.79,3.53,99.93,35.8,100.0,0.0,100.0,45.46,15.14,28.57,0.0,21.46,6.65,89.24,8.27
random,strict,4,FTTransformer,73.75,70.46,99.69,35.8,100.0,0.0,100.0,45.49,5.12,28.57,31.83,69.17,8.15,91.81,45.64
random,strict,4,PALT-Teacher,74.34,2.7,99.77,35.8,100.0,0.0,100.0,20.94,0.0,28.57,45.49,22.92,5.8,90.75,8.28
random,strict,4,PALT,73.46,10.56,99.79,35.8,100.0,0.0,100.0,45.48,0.0,28.57,37.74,47.28,6.68,90.98,0.23
random,strict,4,PALT-KD,74.06,2.7,99.76,35.8,100.0,0.0,100.0,20.94,0.0,28.57,43.82,23.72,5.51,90.77,8.32
temporal,strict,0,LightGBM,87.87,89.37,99.69,99.99,100.0,0.0,100.0,99.95,67.15,99.97,40.1,94.08,92.72,96.29,11.29
temporal,strict,0,MLP,84.28,78.39,99.93,100.0,100.0,0.0,31.1,99.63,0.0,100.0,0.0,75.26,19.56,93.01,0.0
temporal,strict,0,CNN1D,84.34,68.14,100.0,100.0,99.4,0.0,92.99,99.29,0.0,100.0,0.0,67.75,35.2,89.46,0.0
temporal,strict,0,FTTransformer,86.7,68.49,99.77,99.99,98.72,0.0,35.11,99.42,35.0,100.0,27.97,72.06,57.14,89.26,3.09
temporal,strict,0,PALT-Teacher,89.75,76.41,99.4,100.0,100.0,0.0,100.0,99.94,0.0,100.0,60.74,71.44,62.07,95.3,0.0
temporal,strict,0,PALT,84.4,71.07,100.0,100.0,98.76,0.0,99.36,99.74,0.0,100.0,0.0,71.01,34.51,90.1,0.0
temporal,strict,0,PALT-KD,84.89,78.56,99.59,100.0,100.0,0.0,100.0,99.9,0.0,100.0,19.21,73.91,66.67,95.08,0.75
temporal,strict,1,LightGBM,87.84,91.62,99.71,100.0,100.0,0.0,100.0,99.95,68.15,99.97,39.92,94.47,93.96,97.64,9.66
temporal,strict,1,MLP,73.95,68.86,99.98,100.0,100.0,0.0,28.85,99.42,0.0,100.0,0.0,45.12,0.0,86.99,0.0
temporal,strict,1,CNN1D,84.32,69.29,100.0,100.0,99.94,0.0,91.46,98.64,35.71,100.0,0.0,73.16,26.17,79.26,0.0
temporal,strict,1,FTTransformer,84.49,76.41,99.8,100.0,98.72,0.0,34.9,99.49,10.55,99.95,0.0,83.15,63.41,93.75,0.0
temporal,strict,1,PALT-Teacher,90.79,87.57,99.64,100.0,100.0,0.0,100.0,99.95,61.11,100.0,63.29,84.32,66.35,97.09,14.14
temporal,strict,1,PALT,91.04,84.89,99.59,100.0,100.0,0.0,100.0,99.96,78.26,99.97,63.96,84.11,41.98,97.12,18.92
temporal,strict,1,PALT-KD,90.78,83.23,99.67,100.0,100.0,0.0,100.0,99.93,35.05,100.0,63.14,84.02,53.64,96.81,13.51
temporal,strict,2,LightGBM,87.83,90.85,99.72,100.0,100.0,0.0,100.0,99.95,67.15,99.97,39.29,94.45,92.11,97.55,7.14
temporal,strict,2,MLP,84.52,70.28,99.88,100.0,100.0,0.0,96.93,99.82,5.01,100.0,0.37,77.88,32.78,91.97,0.0
temporal,strict,2,CNN1D,83.75,69.25,100.0,100.0,100.0,0.0,99.36,99.67,0.0,100.0,0.36,73.61,32.24,90.74,0.0
temporal,strict,2,FTTransformer,90.37,81.46,99.61,100.0,100.0,0.0,41.47,99.75,30.16,99.95,59.11,83.67,85.54,96.39,5.07
temporal,strict,2,PALT-Teacher,85.84,76.66,99.58,99.99,100.0,0.0,100.0,99.96,12.1,100.0,19.62,69.43,85.91,96.21,0.0
temporal,strict,2,PALT,90.3,82.88,99.59,100.0,100.0,0.0,100.0,99.95,37.1,100.0,59.33,84.0,42.55,96.75,17.39
temporal,strict,2,PALT-KD,84.75,76.63,99.59,100.0,100.0,0.0,100.0,99.94,4.64,100.0,4.8,70.17,89.8,96.08,9.01
temporal,strict,3,LightGBM,87.71,89.47,99.7,100.0,100.0,0.0,100.0,99.95,66.67,99.97,38.65,94.38,92.72,96.17,12.17
temporal,strict,3,MLP,84.49,71.52,99.81,100.0,100.0,0.0,100.0,99.81,6.11,100.0,0.0,66.75,52.69,94.71,1.91
temporal,strict,3,CNN1D,84.32,69.04,99.99,100.0,100.0,0.0,97.4,99.12,9.63,100.0,0.0,68.22,21.6,86.35,0.39
temporal,strict,3,FTTransformer,84.48,70.23,99.98,100.0,96.51,0.0,96.05,99.4,0.0,95.53,0.0,65.15,74.68,92.03,0.0
temporal,strict,3,PALT-Teacher,90.34,68.53,97.85,99.99,99.78,0.0,100.0,99.91,1.47,100.0,58.87,21.81,74.07,95.82,0.0
temporal,strict,3,PALT,85.07,74.7,96.65,100.0,98.76,0.0,100.0,99.8,0.0,100.0,8.47,59.54,73.99,95.14,0.72
temporal,strict,3,PALT-KD,88.24,70.27,97.86,100.0,99.83,0.0,100.0,99.9,1.49,100.0,42.96,21.87,72.16,95.59,0.0
temporal,strict,4,LightGBM,87.79,89.77,99.69,100.0,100.0,0.0,100.0,99.97,81.25,99.97,39.37,94.36,91.5,96.48,12.28
temporal,strict,4,MLP,85.02,72.35,99.38,100.0,100.0,0.0,100.0,99.87,14.96,100.0,8.67,58.55,73.03,94.94,0.59
temporal,strict,4,CNN1D,84.09,66.99,99.99,100.0,87.55,0.0,83.82,99.34,0.0,100.0,0.0,73.68,27.37,89.2,0.0
temporal,strict,4,FTTransformer,82.8,68.29,99.99,99.96,97.92,0.0,35.61,99.42,35.19,99.95,4.56,72.32,47.31,92.04,0.0
temporal,strict,4,PALT-Teacher,85.64,76.68,99.71,99.99,99.83,0.0,100.0,99.84,2.88,99.97,23.6,80.6,57.96,95.21,2.36
temporal,strict,4,PALT,90.96,68.7,100.0,100.0,100.0,0.0,44.11,99.67,0.0,100.0,63.63,72.03,52.63,91.06,0.0
temporal,strict,4,PALT-KD,84.31,76.54,99.73,100.0,99.94,0.0,100.0,99.84,4.17,100.0,7.03,80.49,80.46,95.19,14.29
